show_id,category,title,director,cast,country,release_date,rating,duration,type,description,release_year,date_added_parsed,year_added,duration_value,duration_unit,genres_list,country_list,cast_list,director_list
s5832,Movie,Strange but True,Rowan Athale,"Amy Ryan, Nick Robinson, Margaret Qualley, Greg Kinnear, Blythe Danner, Brian Cox, Connor Jessup",Canada,"August 30, 2020",PG-13,96 min,"Dramas, Thrillers",A young woman rattles her former boyfriend’s family when she reveals she is pregnant with his child — despite his death five years ago.,2020,,,96,minutes,['Movie'],['Canada'],"['Amy Ryan', 'Nick Robinson', 'Margaret Qualley', 'Greg Kinnear', 'Blythe Danner', 'Brian Cox', 'Connor Jessup']",['Rowan Athale']
s5937,Movie,Swearnet: The Movie,Warren P. Sonoda,"Mike Smith, John Paul Tremblay, Robb Wells, Patrick Roach, Mishael Morgan, Sarah Jurgens, Shannon Leroux, Dana Woods, Howard Jerome, Tom Green",Canada,"September 24, 2017",NC-17,112 min,"Comedies, International Movies","After losing a TV network deal, the Trailer Park Boys launch their own Internet series, but they soon confront personal and creative differences.",2017,,,112,minutes,['Movie'],['Canada'],"['Mike Smith', 'John Paul Tremblay', 'Robb Wells', 'Patrick Roach', 'Mishael Morgan', 'Sarah Jurgens', 'Shannon Leroux', 'Dana Woods', 'Howard Jerome', 'Tom Green']",['Warren P. Sonoda']
s1324,TV Show,Chicago Typewriter,,"Yoo Ah-in, Im Soo-jung, Ko Kyoung-pyo, Kwak Si-yang, Jo Woo-jin, Yang Jin-sung, Jeon Soo-kyeong, Ji Dae-han, Chun Ho-jin",South Korea,"October 1, 2019",TV-14,1 Season,"International TV Shows, Korean TV Shows, Romantic TV Shows",A veterinarian and two writers have a mysterious connection to Korean independence fighters from the Japanese colonial period.,2019,,,1,seasons,['TV Show'],['South Korea'],"['Yoo Ah-in', 'Im Soo-jung', 'Ko Kyoung-pyo', 'Kwak Si-yang', 'Jo Woo-jin', 'Yang Jin-sung', 'Jeon Soo-kyeong', 'Ji Dae-han', 'Chun Ho-jin']",[]
s5108,Movie,"Ray Romano: Right Here, Around the Corner",Michael Showalter,Ray Romano,United States,"February 5, 2019",TV-MA,59 min,Stand-Up Comedy,"Ray Romano cut his stand-up teeth at the Comedy Cellar in New York. Now, in his first comedy special in 23 years, he returns to where it all began.",2019,,,59,minutes,['Movie'],['United States'],['Ray Romano'],['Michael Showalter']
s102,Movie,3 Seconds Divorce,Shazia Javed,,Canada,"June 15, 2019",TV-PG,53 min,"Documentaries, Faith & Spirituality","A Muslim women's activist group in India protests against oral divorces, starting a movement to reclaim their religious and constitutional rights.",2019,,,53,minutes,['Movie'],['Canada'],[],['Shazia Javed']
s6952,Movie,The Tuxedo,Kevin Donovan,"Jackie Chan, Jennifer Love Hewitt, Jason Isaacs, Debi Mazar, Ritchie Coster, Peter Stormare, Mia Cottet, Romany Malco, Daniel Kash",United States,"November 1, 2019",PG-13,99 min,"Action & Adventure, Comedies","After a government spy is hospitalized, New York City cab driver Jimmy unwillingly takes over the spy's role – with the aid of a computerized tuxedo.",2019,,,99,minutes,['Movie'],['United States'],"['Jackie Chan', 'Jennifer Love Hewitt', 'Jason Isaacs', 'Debi Mazar', 'Ritchie Coster', 'Peter Stormare', 'Mia Cottet', 'Romany Malco', 'Daniel Kash']",['Kevin Donovan']
s3772,Movie,Love on Delivery,Stephen Chow,"Stephen Chow, Christy Chung, Ng Man-Tat",Hong Kong,"August 16, 2018",TV-14,93 min,"Action & Adventure, Comedies, International Movies","To prove himself to a love interest, a delivery boy learns dubious kung fu from an aging charlatan so he can challenge his archrival to a fight.",2018,,,93,minutes,['Movie'],['Hong Kong'],"['Stephen Chow', 'Christy Chung', 'Ng Man-Tat']",['Stephen Chow']
s3928,Movie,Marauders,Steven C. Miller,"Bruce Willis, Christopher Meloni, Dave Bautista, Adrian Grenier, Johnathon Schaech, Lydia Hull, Tyler Jon Olson, Christopher Rob Bowen, Richie Chance","Canada, United States","December 1, 2020",R,107 min,Action & Adventure,A series of high-stakes thefts at banks owned by a manipulative millionaire sparks an FBI agent to suspect a sinister plan behind the deadly heists.,2020,,,107,minutes,['Movie'],"['Canada', 'United States']","['Bruce Willis', 'Christopher Meloni', 'Dave Bautista', 'Adrian Grenier', 'Johnathon Schaech', 'Lydia Hull', 'Tyler Jon Olson', 'Christopher Rob Bowen', 'Richie Chance']",['Steven C. Miller']
s6680,Movie,The Mistress,Olivia M. Lamasan,"John Lloyd Cruz, Bea Alonzo, Hilda Koronel, Ronaldo Valdez, Anita Linda, Carmi Martin",Philippines,"February 27, 2019",TV-MA,132 min,"Dramas, International Movies, Romantic Movies",The mistress of a wealthy businessman is torn between her loyalty to him and her love for a young architect connected to her in unexpected ways.,2019,,,132,minutes,['Movie'],['Philippines'],"['John Lloyd Cruz', 'Bea Alonzo', 'Hilda Koronel', 'Ronaldo Valdez', 'Anita Linda', 'Carmi Martin']",['Olivia M. Lamasan']
s1145,TV Show,Burned Cocoon,,"Yavuz Bingöl, Basak Köklükaya, Çolpan Ilhan, Mustafa Alabora, Sedef Avcı, Ayça İnci, Tuncer Necmioğlu, Serdar Özer",Turkey,"April 1, 2017",TV-MA,1 Season,"International TV Shows, TV Dramas","A secret marriage unites two families – one wealthy and traditional, the other bankrupt and modern – and is threatened by the resulting conflicts.",2017,,,1,seasons,['TV Show'],['Turkey'],"['Yavuz Bingöl', 'Basak Köklükaya', 'Çolpan Ilhan', 'Mustafa Alabora', 'Sedef Avcı', 'Ayça İnci', 'Tuncer Necmioğlu', 'Serdar Özer']",[]
s7746,Movie,"Yours, Mine and Ours",Raja Gosnell,"Dennis Quaid, Rene Russo, Sean Faris, Katija Pevec, Dean Collins, Tyler Patrick Jones, Haley Ramm, Brecken Palmer, Bridger Palmer, Ty Panitz",United States,"November 20, 2019",PG,88 min,"Children & Family Movies, Comedies","When a father of eight and a mother of 10 prepare to wed, the couple's children attempt to sabotage the union in this remake of a 1968 comedy.",2019,,,88,minutes,['Movie'],['United States'],"['Dennis Quaid', 'Rene Russo', 'Sean Faris', 'Katija Pevec', 'Dean Collins', 'Tyler Patrick Jones', 'Haley Ramm', 'Brecken Palmer', 'Bridger Palmer', 'Ty Panitz']",['Raja Gosnell']
s2496,Movie,Gook,Justin Chon,"Simone Baker, Justin Chon, David So, Curtiss Cook Jr., Sang Chon, Ben Munoz, Omono Okojie, Isaiah Jarel",United States,"March 6, 2018",TV-MA,95 min,"Dramas, Independent Movies","Amidst the looting and chaos of the LA riots, two Korean-American brothers fight to save their struggling shoe store while contemplating their future.",2018,,,95,minutes,['Movie'],['United States'],"['Simone Baker', 'Justin Chon', 'David So', 'Curtiss Cook Jr.', 'Sang Chon', 'Ben Munoz', 'Omono Okojie', 'Isaiah Jarel']",['Justin Chon']
s6255,TV Show,The Crown,,"Claire Foy, John Lithgow, Matt Smith, Vanessa Kirby, Jared Harris, Victoria Hamilton, Eileen Atkins, Jeremy Northam, Alex Jennings, Ben Miles, Pip Torrens, Will Keen, Harry Hadden-Paton, Daniel Ings, Greg Wise, Harriet Walter, Lia Williams, Matthew Goode, Anton Lesser","United Kingdom, United States","November 15, 2020",TV-MA,4 Seasons,"British TV Shows, International TV Shows, TV Dramas",This drama follows the political rivalries and romance of Queen Elizabeth II's reign and the events that shaped the second half of the 20th century.,2020,,,4,seasons,['TV Show'],"['United Kingdom', 'United States']","['Claire Foy', 'John Lithgow', 'Matt Smith', 'Vanessa Kirby', 'Jared Harris', 'Victoria Hamilton', 'Eileen Atkins', 'Jeremy Northam', 'Alex Jennings', 'Ben Miles', 'Pip Torrens', 'Will Keen', 'Harry Hadden-Paton', 'Daniel Ings', 'Greg Wise', 'Harriet Walter', 'Lia Williams', 'Matthew Goode', 'Anton Lesser']",[]
s4386,TV Show,Nagi-Asu: A Lull in the Sea,,"Natsuki Hanae, Kana Hanazawa, Ai Kayano, Ryota Osaka, Kaito Ishikawa, Mikako Komatsu, Kaori Ishihara, Kaori Nazuka, Masuo Amada, Junji Majima, Motomu Kiyokawa, Kohsuke Toriumi",Japan,"August 1, 2020",TV-14,1 Season,"Anime Series, Romantic TV Shows, Teen TV Shows","In a world where humans are divided between the land and the sea, four childhood friends from the ocean must attend middle school on the surface.",2020,,,1,seasons,['TV Show'],['Japan'],"['Natsuki Hanae', 'Kana Hanazawa', 'Ai Kayano', 'Ryota Osaka', 'Kaito Ishikawa', 'Mikako Komatsu', 'Kaori Ishihara', 'Kaori Nazuka', 'Masuo Amada', 'Junji Majima', 'Motomu Kiyokawa', 'Kohsuke Toriumi']",[]
s1371,Movie,Christmas with a Prince,Justin G. Dyck,"Kaitlyn Leeb, Nick Hounslow, Josh Dean, Melinda Shankar, Liam MacDonald, Ilamaria Ebrahim, Charles Shaughnessy, Julia Baldwin",Canada,"November 4, 2020",TV-PG,86 min,"Comedies, Dramas, Romantic Movies",A dedicated pediatrician reconsiders her feelings for a carefree prince as he secretly recovers from a ski accident alongside her young patients.,2020,,,86,minutes,['Movie'],['Canada'],"['Kaitlyn Leeb', 'Nick Hounslow', 'Josh Dean', 'Melinda Shankar', 'Liam MacDonald', 'Ilamaria Ebrahim', 'Charles Shaughnessy', 'Julia Baldwin']",['Justin G. Dyck']
s6847,Movie,The Saint,Ernie Barbarash,"Adam Rayner, Eliza Dushku, Ian Ogilvy, James Remar, Roger Moore, Enrique Murciano, Thomas Kretschmann, Beatrice Rosen, Greg Grunberg, Yani Gellman",United States,"August 10, 2017",TV-14,92 min,Action & Adventure,"Master thief Simon Templar – also known as the Saint – is hired by a wealthy banker to find his kidnapped daughter, but not all is as it seems.",2017,,,92,minutes,['Movie'],['United States'],"['Adam Rayner', 'Eliza Dushku', 'Ian Ogilvy', 'James Remar', 'Roger Moore', 'Enrique Murciano', 'Thomas Kretschmann', 'Beatrice Rosen', 'Greg Grunberg', 'Yani Gellman']",['Ernie Barbarash']
s1047,TV Show,Border Patrol,,Timothy Balme,,"October 2, 2019",TV-PG,1 Season,Reality TV,This reality TV series follows the men and women of New Zealand's border patrol in their quest to keep their country safe and secure.,2019,,,1,seasons,['TV Show'],[],['Timothy Balme'],[]
s3690,Movie,Lo más sencillo es complicarlo todo,Rene Bueno,"Danna Paola, Marjorie De Sousa, Alosian Vivancos, Daniela Wong, Lalo Brito, Eduardo Tanús, Paulina Matos, Fernando Sarfati, Lorena San Martín, Consuelo Vega",Mexico,"May 4, 2018",TV-14,94 min,"Comedies, International Movies, Romantic Movies","When a 17-year-old learns the TV news host she pines for is engaged, she and her best friend launch an elaborate plan to prevent his marriage.",2018,,,94,minutes,['Movie'],['Mexico'],"['Danna Paola', 'Marjorie De Sousa', 'Alosian Vivancos', 'Daniela Wong', 'Lalo Brito', 'Eduardo Tanús', 'Paulina Matos', 'Fernando Sarfati', 'Lorena San Martín', 'Consuelo Vega']",['Rene Bueno']
s6804,Movie,The Rat Race,Miriam Chandy Menacherry,,India,"January 1, 2017",TV-PG,52 min,"Documentaries, International Movies","Examine the troublesome coexistence of humans and rodents in Mumbai, where the byproducts of a big economy have led to a thriving rat population.",2017,,,52,minutes,['Movie'],['India'],[],['Miriam Chandy Menacherry']
s5427,TV Show,Scare Tactics,,"Tracy Morgan, Lauren Ash",United States,"June 30, 2019",TV-MA,2 Seasons,"Reality TV, TV Comedies, TV Horror",This ghoulish but hilarious hidden-camera show from Syfy finds mischievous friends and family members setting up unsuspecting victims for elaborate pranks that use high-quality makeup and special effects to unleash their worst fears upon them.,2019,,,2,seasons,['TV Show'],['United States'],"['Tracy Morgan', 'Lauren Ash']",[]
s7020,Movie,The World's Most Wanted Animal,Victoria Bromley,Maria Diekmann,United Kingdom,"April 1, 2019",TV-PG,53 min,Documentaries,"A conservationist shares her emotional journey in helping save rare, scaly mammals that have been illegally trafficked and now face extinction.",2019,,,53,minutes,['Movie'],['United Kingdom'],['Maria Diekmann'],['Victoria Bromley']
s2150,Movie,Ferrari Ki Sawaari,Rajesh Mapuskar,"Sharman Joshi, Boman Irani, Ritwik Sahore, Paresh Rawal, Deepak Shirke, Satyadeep Misra, Aakash Dabhade, Nilesh Diwekar, Vidya Balan",India,"August 1, 2019",TV-PG,133 min,"Comedies, International Movies, Sports Movies",A father winds up involved with a stolen Ferrari as he tries to acquire the money to send his son to the leading cricket academy.,2019,,,133,minutes,['Movie'],['India'],"['Sharman Joshi', 'Boman Irani', 'Ritwik Sahore', 'Paresh Rawal', 'Deepak Shirke', 'Satyadeep Misra', 'Aakash Dabhade', 'Nilesh Diwekar', 'Vidya Balan']",['Rajesh Mapuskar']
s5515,Movie,Seven in Heaven,Chris Eigeman,"Travis Tope, Haley Ramm, Jacinda Barrett, Gary Cole, Dylan Everett, Clark Backo, Vinson Tran, Paulino Nunes, Jeff Clarke",United States,"October 6, 2018",PG-13,94 min,Horror Movies,Two teenagers step into a secret closet and emerge in a terrifying alternate reality. They must find their way back before the door shuts forever.,2018,,,94,minutes,['Movie'],['United States'],"['Travis Tope', 'Haley Ramm', 'Jacinda Barrett', 'Gary Cole', 'Dylan Everett', 'Clark Backo', 'Vinson Tran', 'Paulino Nunes', 'Jeff Clarke']",['Chris Eigeman']
s5246,Movie,Rocky Handsome,Nishikant Kamat,"John Abraham, Diya Chalwad, Shruti Haasan, Nishikant Kamat, Sharad Kelkar, Nathalia Kaur",India,"February 17, 2017",TV-MA,119 min,"Action & Adventure, International Movies",A reclusive pawn shop owner sets his sights on revenge when vicious gangsters kidnap his drug-addicted neighbor's young daughter.,2017,,,119,minutes,['Movie'],['India'],"['John Abraham', 'Diya Chalwad', 'Shruti Haasan', 'Nishikant Kamat', 'Sharad Kelkar', 'Nathalia Kaur']",['Nishikant Kamat']
s4281,Movie,Munafik 2,Syamsul Yusof,"Syamsul Yusof, Maya Karin, Nasir Bilal Khan, Rahim Razali, Fizz Fairuz, Fauzi Nawawi, Mawi, Ku Faridah",Malaysia,"May 1, 2019",TV-MA,104 min,"Horror Movies, International Movies","Haunted by terrifying visions, a Muslim healer finds his faith tested when he helps a woman locked in battle, body and soul, with a diabolical leader.",2019,,,104,minutes,['Movie'],['Malaysia'],"['Syamsul Yusof', 'Maya Karin', 'Nasir Bilal Khan', 'Rahim Razali', 'Fizz Fairuz', 'Fauzi Nawawi', 'Mawi', 'Ku Faridah']",['Syamsul Yusof']
s1353,Movie,Chris D'Elia: Incorrigible,Bill D'Elia,Chris D'Elia,United States,"April 17, 2015",TV-MA,84 min,Stand-Up Comedy,Stand-up comedian Chris D'Elia covers everything from how to improve the NFL to why dating is evil and that babies should grow up before they're born.,2015,,,84,minutes,['Movie'],['United States'],"[""Chris D'Elia""]","[""Bill D'Elia""]"
s6682,Movie,The Model,Mads Matthiesen,"Maria Palm, Ed Skrein, Yvonnick Muller, Charlotte Tomaszewska, Virgile Bramly, Marco Ilsø, Dominic Allburn",Denmark,"December 6, 2016",TV-MA,104 min,"Dramas, Independent Movies, International Movies","Danish teen Emma moves to Paris hoping to become a top model, but her dreams soon unravel when her affair with photographer Shane turns obsessive.",2016,,,104,minutes,['Movie'],['Denmark'],"['Maria Palm', 'Ed Skrein', 'Yvonnick Muller', 'Charlotte Tomaszewska', 'Virgile Bramly', 'Marco Ilsø', 'Dominic Allburn']",['Mads Matthiesen']
s6637,TV Show,The Making of Frozen Planet,,David Attenborough,"United Kingdom, United States, Spain, Germany, Greece, Canada","January 28, 2016",TV-PG,1 Season,"British TV Shows, Docuseries, Science & Nature TV",Documentary crew members brave Earth's most frigid regions to capture the majesty and mystery found in the chillier side of the animal kingdom.,2016,,,1,seasons,['TV Show'],"['United Kingdom', 'United States', 'Spain', 'Germany', 'Greece', 'Canada']",['David Attenborough'],[]
s6603,Movie,The Little Prince,Mark Osborne,"Jeff Bridges, Mackenzie Foy, Rachel McAdams, Riley Osborne, Marion Cotillard, Bud Cort, Ricky Gervais, Albert Brooks, James Franco, Benicio Del Toro, Paul Rudd, Paul Giamatti","France, Canada, Italy, United States, China","November 6, 2020",PG,107 min,Children & Family Movies,"When an overscheduled girl befriends an eccentric aviator, he regales her with tales about the adventures of an unusual boy who lives on an asteroid.",2020,,,107,minutes,['Movie'],"['France', 'Canada', 'Italy', 'United States', 'China']","['Jeff Bridges', 'Mackenzie Foy', 'Rachel McAdams', 'Riley Osborne', 'Marion Cotillard', 'Bud Cort', 'Ricky Gervais', 'Albert Brooks', 'James Franco', 'Benicio Del Toro', 'Paul Rudd', 'Paul Giamatti']",['Mark Osborne']
s7582,TV Show,When I See You Again,,"Jasper Liu, Mandy Wei, Jet Chao, Ivy Shao, Tina Chou, Kao Meng-Chieh",Taiwan,"October 1, 2016",TV-14,1 Season,"International TV Shows, Romantic TV Shows, TV Comedies","On a visit to his hometown, a rich bachelor seeks revenge on the woman who broke his heart 10 years ago. But his plan doesn't go as expected.",2016,,,1,seasons,['TV Show'],['Taiwan'],"['Jasper Liu', 'Mandy Wei', 'Jet Chao', 'Ivy Shao', 'Tina Chou', 'Kao Meng-Chieh']",[]
s2064,Movie,Exit Strategy,Michael Whitton,"Jameel Saleem, Kimelia Weathers, Quincy Harris, Big Boy, Kevin Hart, Misty Alli, Noelle Balfour, Sid Burston, Carlos Castillo, Liz Hernandez, Nick Sinise",United States,"March 3, 2019",NR,79 min,"Comedies, Romantic Movies","When James's living situation turns sour, he has little choice but to move in with his new girlfriend – a decision he almost immediately regrets.",2019,,,79,minutes,['Movie'],['United States'],"['Jameel Saleem', 'Kimelia Weathers', 'Quincy Harris', 'Big Boy', 'Kevin Hart', 'Misty Alli', 'Noelle Balfour', 'Sid Burston', 'Carlos Castillo', 'Liz Hernandez', 'Nick Sinise']",['Michael Whitton']
s24,Movie,​Mayurakshi,Atanu Ghosh,"Soumitra Chatterjee, Prasenjit Chatterjee, Indrani Haldar, Sudipta Chakraborty, Suman Banerjee, Gargi Roychowdhury",India,"September 15, 2018",TV-14,100 min,"Dramas, International Movies","When a middle-aged divorcee returns to Kolkata to visit his ailing father, long-buried memories resurface, bringing new discoveries with them.",2018,,,100,minutes,['Movie'],['India'],"['Soumitra Chatterjee', 'Prasenjit Chatterjee', 'Indrani Haldar', 'Sudipta Chakraborty', 'Suman Banerjee', 'Gargi Roychowdhury']",['Atanu Ghosh']
s2624,Movie,Hard Tide,"Robert Osman, Nathanael Wiseman","Nathanael Wiseman, Mem Ferda, Alexandra Newick, Oliver Stark, Kat Gellin, Andy Lucas, Ralph Brown, Beverly Hills",United Kingdom,"September 6, 2017",TV-MA,79 min,"Dramas, Independent Movies",A drug dealer who's been emulating his father's successful criminal career is forced to go on the run with a young girl in this fact-based thriller.,2017,,,79,minutes,['Movie'],['United Kingdom'],"['Nathanael Wiseman', 'Mem Ferda', 'Alexandra Newick', 'Oliver Stark', 'Kat Gellin', 'Andy Lucas', 'Ralph Brown', 'Beverly Hills']","['Robert Osman', 'Nathanael Wiseman']"
s6812,Movie,The Reliant,Paul Munger,"Kevin Sorbo, Mollee Gray, Eric Roberts, Brian Bosworth, Julia Denton, Blake Burt, Marisa Lynae Hampton, Josh Murray, Kiera Strauss, Tyler Sanders",United States,"April 28, 2020",PG-13,116 min,"Dramas, Faith & Spirituality","When a town suffers an economic collapse, social unrest forces a family to seek refuge in the wilderness as bitter outlaws threaten their survival.",2020,,,116,minutes,['Movie'],['United States'],"['Kevin Sorbo', 'Mollee Gray', 'Eric Roberts', 'Brian Bosworth', 'Julia Denton', 'Blake Burt', 'Marisa Lynae Hampton', 'Josh Murray', 'Kiera Strauss', 'Tyler Sanders']",['Paul Munger']
s133,TV Show,7 (Seven),Nizar Shafi,"Rahman, Havish, Regina Cassandra, Nandita Swetha, Anisha Ambrose, Tridha Choudhury, Pujitha Ponnada, Aditi Arya",India,"July 30, 2019",TV-14,1 Season,TV Shows,"Multiple women report their husbands as missing but when it appears they are looking for the same man, a police officer traces their cryptic connection.",2019,,,1,seasons,['TV Show'],['India'],"['Rahman', 'Havish', 'Regina Cassandra', 'Nandita Swetha', 'Anisha Ambrose', 'Tridha Choudhury', 'Pujitha Ponnada', 'Aditi Arya']",['Nizar Shafi']
s4984,TV Show,Prohibition: A Film by Ken Burns and Lynn Novick,,Peter Coyote,United States,"February 22, 2017",TV-PG,1 Season,"Crime TV Shows, Docuseries","Ken Burns's documentary traces the passage of the 18th Amendment, the social and legal effects of prohibiting alcohol, and the repeal of Prohibition.",2017,,,1,seasons,['TV Show'],['United States'],['Peter Coyote'],[]
s454,Movie,American Anarchist,Charlie Siskel,William Powell,United States,"June 23, 2017",TV-MA,81 min,Documentaries,"This documentary profiles William Powell, who wrote the ""The Anarchist Cookbook"" in the early 1970s and spent his later life regretting his actions.",2017,,,81,minutes,['Movie'],['United States'],['William Powell'],['Charlie Siskel']
s5775,Movie,Spy Kids 2: The Island of Lost Dreams,Robert Rodriguez,"Antonio Banderas, Carla Gugino, Alexa PenaVega, Daryl Sabara, Steve Buscemi, Mike Judge, Danny Trejo, Cheech Marin, Matt O'Leary, Emily Osment, Ricardo Montalban, Holland Taylor, Alan Cumming",United States,"March 8, 2019",PG,100 min,"Children & Family Movies, Comedies","Spy kids Carmen and Juni Cortez team up with two other pint-size secret agents, Gary and Gerti Giggles, in order to take on an evil scientist.",2019,,,100,minutes,['Movie'],['United States'],"['Antonio Banderas', 'Carla Gugino', 'Alexa PenaVega', 'Daryl Sabara', 'Steve Buscemi', 'Mike Judge', 'Danny Trejo', 'Cheech Marin', ""Matt O'Leary"", 'Emily Osment', 'Ricardo Montalban', 'Holland Taylor', 'Alan Cumming']",['Robert Rodriguez']
s5805,TV Show,Stay Tuned!,,"Kyoko Yoshine, Hiroki Iijima, Kanako Miyashita, Yo Oizumi, Ken Yasuda",Japan,"March 21, 2019",TV-14,1 Season,"International TV Shows, TV Comedies, TV Dramas","She's the most unlikely candidate to ever stumble into the role of a reporter, and she’s keeping everyone on their toes with her eccentric ways.",2019,,,1,seasons,['TV Show'],['Japan'],"['Kyoko Yoshine', 'Hiroki Iijima', 'Kanako Miyashita', 'Yo Oizumi', 'Ken Yasuda']",[]
s1616,Movie,Dark Light,Padraig Reynolds,"Jessica Madsen, Opal Littleton, Ed Brody, Kristina Clifford, Ben Sullivan, Gerald Tyler, Weston Meredith",United States,"April 5, 2020",TV-MA,90 min,"Horror Movies, Independent Movies, Sci-Fi & Fantasy","Implicated in her daughter's disappearance, a mother searches for answers when she returns to an old family home that may have an unwanted visitor.",2020,,,90,minutes,['Movie'],['United States'],"['Jessica Madsen', 'Opal Littleton', 'Ed Brody', 'Kristina Clifford', 'Ben Sullivan', 'Gerald Tyler', 'Weston Meredith']",['Padraig Reynolds']
s6514,Movie,The Ivory Game,"Kief Davidson, Richard Ladkani",,Austria,"November 4, 2016",TV-14,112 min,Documentaries,"Filmmakers infiltrate the corrupt global network of ivory trafficking, exposing poachers and dealers as African elephants edge closer to extinction.",2016,,,112,minutes,['Movie'],['Austria'],[],"['Kief Davidson', 'Richard Ladkani']"
s1596,Movie,Dangal,Nitesh Tiwari,"Aamir Khan, Sakshi Tanwar, Fatima Sana Shaikh, Sanya Malhotra, Aparshakti Khurana, Zaira Wasim, Suhani Bhatnagar, Ritwik Sahore",India,"June 21, 2017",TV-PG,161 min,"Dramas, International Movies, Sports Movies",A once-promising wrestler pursues the gold medal he never won by training two of his daughters to compete at the Commonwealth Games.,2017,,,161,minutes,['Movie'],['India'],"['Aamir Khan', 'Sakshi Tanwar', 'Fatima Sana Shaikh', 'Sanya Malhotra', 'Aparshakti Khurana', 'Zaira Wasim', 'Suhani Bhatnagar', 'Ritwik Sahore']",['Nitesh Tiwari']
s1503,Movie,Coraline,Henry Selick,"Dakota Fanning, Teri Hatcher, John Hodgman, Jennifer Saunders, Dawn French, Keith David, Robert Bailey Jr., Ian McShane",United States,"March 16, 2017",PG,101 min,Children & Family Movies,Curious young Coraline unlocks a door in her family's home and is transported to a universe that strangely resembles her own – only better.,2017,,,101,minutes,['Movie'],['United States'],"['Dakota Fanning', 'Teri Hatcher', 'John Hodgman', 'Jennifer Saunders', 'Dawn French', 'Keith David', 'Robert Bailey Jr.', 'Ian McShane']",['Henry Selick']
s4412,Movie,Naruto the Movie 3: Guardians of the Crescent Moon Kingdom,Toshiyuki Tsuru,"Junko Takeuchi, Chie Nakamura, Yoichi Masukawa, Kazuhiko Inoue, Akio Otsuka, Kyousuke Ikeda, Naya Rokurô, Marika Hayashi, Hisao Egawa, Kenji Hamada, Haruhi Nanao",Japan,"September 1, 2017",TV-PG,95 min,"Action & Adventure, Anime Features, International Movies","Exuberant ninja Naruto teams up with his pals Sakura and Kakashi to escort Prince Michiru and his son, Hikaru, to the Crescent Moon kingdom.",2017,,,95,minutes,['Movie'],['Japan'],"['Junko Takeuchi', 'Chie Nakamura', 'Yoichi Masukawa', 'Kazuhiko Inoue', 'Akio Otsuka', 'Kyousuke Ikeda', 'Naya Rokurô', 'Marika Hayashi', 'Hisao Egawa', 'Kenji Hamada', 'Haruhi Nanao']",['Toshiyuki Tsuru']
s488,Movie,An American Tail: The Mystery of the Night Monster,Larry Latham,"Thomas Dekker, Lacey Chabert, Jane Singer, Nehemiah Persoff, Susan Boyd, Robert Hays, Pat Musick, Dom DeLuise, Candi Milo, Jeff Bennett",United States,"April 1, 2018",G,75 min,Children & Family Movies,"When a monster goes on a mouse-napping spree in New York, Fievel and his friends help a reporter get to the bottom of the mystery.",2018,,,75,minutes,['Movie'],['United States'],"['Thomas Dekker', 'Lacey Chabert', 'Jane Singer', 'Nehemiah Persoff', 'Susan Boyd', 'Robert Hays', 'Pat Musick', 'Dom DeLuise', 'Candi Milo', 'Jeff Bennett']",['Larry Latham']
s983,Movie,Blitz Patrollie,Andrew Wessels,"Joey Rasdien, David Kau, David Kibuuka, Chris Forrest, Santhiran Moonsamy, Quentin Krog, Kaseran Pillay, Mabutho Sithole, Mel Miller, Kagiso Lediga, Craig Urbani",South Africa,"December 27, 2019",TV-MA,102 min,"Action & Adventure, Comedies, International Movies","Caught between family pressures and small-time crime-fighting, a pair of bumbling cops tries to bust a massive drug deal and go down in history.",2019,,,102,minutes,['Movie'],['South Africa'],"['Joey Rasdien', 'David Kau', 'David Kibuuka', 'Chris Forrest', 'Santhiran Moonsamy', 'Quentin Krog', 'Kaseran Pillay', 'Mabutho Sithole', 'Mel Miller', 'Kagiso Lediga', 'Craig Urbani']",['Andrew Wessels']
s6525,TV Show,The Keepers,,,United States,"May 19, 2017",TV-MA,1 Season,"Crime TV Shows, Docuseries, TV Mysteries",This docuseries examines the decades-old murder of Sister Catherine Cesnik and its suspected link to a priest accused of abuse.,2017,,,1,seasons,['TV Show'],['United States'],[],[]
s1439,Movie,Coach Carter,Thomas Carter,"Samuel L. Jackson, Rob Brown, Robert Ri'chard, Rick Gonzalez, Nana Gbewonyo, Antwon Tanner, Channing Tatum, Ashanti, Texas Battle, Denise Dowse, Debbi Morgan","United States, Germany","January 1, 2020",PG-13,137 min,"Dramas, Sports Movies",Controversial basketball coach Ken Carter puts school before sports and benches his undefeated high school team for poor academic performance.,2020,,,137,minutes,['Movie'],"['United States', 'Germany']","['Samuel L. Jackson', 'Rob Brown', ""Robert Ri'chard"", 'Rick Gonzalez', 'Nana Gbewonyo', 'Antwon Tanner', 'Channing Tatum', 'Ashanti', 'Texas Battle', 'Denise Dowse', 'Debbi Morgan']",['Thomas Carter']
s5263,TV Show,Roman Empire: Reign of Blood,,"Sean Bean, Aaron Jakubenko, Edwin Wright, Mike Edward, Genevieve Aitken, John Bach, Tai Berdinner-Blades, Jared Turner, Andrew Foster, Calum Gittins, Shane Bartle, Ella Becroft, Lisa Chappell, Emma Fenton, Phil Brown, Carl Bland, Adam Gardiner","Canada, United States","April 5, 2019",TV-MA,3 Seasons,Docuseries,"This stylish mix of documentary and historical epic chronicles the reign of Commodus, the emperor whose rule marked the beginning of Rome's fall.",2019,,,3,seasons,['TV Show'],"['Canada', 'United States']","['Sean Bean', 'Aaron Jakubenko', 'Edwin Wright', 'Mike Edward', 'Genevieve Aitken', 'John Bach', 'Tai Berdinner-Blades', 'Jared Turner', 'Andrew Foster', 'Calum Gittins', 'Shane Bartle', 'Ella Becroft', 'Lisa Chappell', 'Emma Fenton', 'Phil Brown', 'Carl Bland', 'Adam Gardiner']",[]
s466,Movie,American Heist,Sarik Andreasyan,"Hayden Christensen, Adrien Brody, Jordana Brewster, Tory Kittles, Akon, Luis Da Silva Jr., Lance E. Nichols, Joe Chrest","Canada, Luxembourg","October 23, 2019",R,95 min,"Action & Adventure, Dramas",An ex-con is just getting his life back on track when his older brother is released from prison and drags him into the underworld for one final heist.,2019,,,95,minutes,['Movie'],"['Canada', 'Luxembourg']","['Hayden Christensen', 'Adrien Brody', 'Jordana Brewster', 'Tory Kittles', 'Akon', 'Luis Da Silva Jr.', 'Lance E. Nichols', 'Joe Chrest']",['Sarik Andreasyan']
s3333,Movie,Keith Richards: Under the Influence,Morgan Neville,Keith Richards,United States,"September 18, 2015",TV-14,82 min,"Documentaries, Music & Musicals","In a documentary with unparalleled access, discover the people and sounds that inspired rock 'n' roll legend Keith Richards from childhood to today.",2015,,,82,minutes,['Movie'],['United States'],['Keith Richards'],['Morgan Neville']
s3407,TV Show,Kings of Jo'Burg,,"Shona Ferguson, Zolisa Xaluva, Tsholofelo Matshaba, Sello Sebotsane, Buhle Samuels, Thembi Seete, TK Sebothoma, Cindy Mahlangu, Lunathi Mampofu, Abdul Khoza, Connie Ferguson",South Africa,"December 4, 2020",TV-MA,1 Season,"Crime TV Shows, International TV Shows, TV Dramas","The Masire brothers rule Johannesburg's criminal underworld, but a supernatural family curse and a tangled web of betrayal threaten to destroy them.",2020,,,1,seasons,['TV Show'],['South Africa'],"['Shona Ferguson', 'Zolisa Xaluva', 'Tsholofelo Matshaba', 'Sello Sebotsane', 'Buhle Samuels', 'Thembi Seete', 'TK Sebothoma', 'Cindy Mahlangu', 'Lunathi Mampofu', 'Abdul Khoza', 'Connie Ferguson']",[]
s4025,TV Show,Melodies of Life - Born This Way,,,,"June 21, 2019",TV-14,1 Season,"International TV Shows, Romantic TV Shows, TV Comedies","A celebrated pastry chef and his fellow staff members at a bake shop embark on bittersweet adventures in love, work and friendship.",2019,,,1,seasons,['TV Show'],[],[],[]
s2184,Movie,First Kiss,Roy Poortmans,"Vajèn van den Bosch, Buddy Vedder, Leontine Borsato, Caroline de Bruijn, Stijn Fransen, Marije Zuurveld",Netherlands,"October 1, 2019",TV-14,90 min,"Dramas, International Movies, Romantic Movies",A starry-eyed employee of a hot cosmetics company hires a dreamy photographer who is secretly indebted to a major rival – her sketchy aunt.,2019,,,90,minutes,['Movie'],['Netherlands'],"['Vajèn van den Bosch', 'Buddy Vedder', 'Leontine Borsato', 'Caroline de Bruijn', 'Stijn Fransen', 'Marije Zuurveld']",['Roy Poortmans']
s6884,Movie,The Social Dilemma,Jeff Orlowski,"Skyler Gisondo, Kara Hayward, Vincent Kartheiser",United States,"September 9, 2020",PG-13,94 min,Documentaries,"This documentary-drama hybrid explores the dangerous human impact of social networking, with tech experts sounding the alarm on their own creations.",2020,,,94,minutes,['Movie'],['United States'],"['Skyler Gisondo', 'Kara Hayward', 'Vincent Kartheiser']",['Jeff Orlowski']
s4899,TV Show,Pokémon the Series,,"Sarah Natochenny, Laurie Hymes, Jessica Paquet, Rosie Reyes, Alyson Leigh Rosenfeld, Marc Swint, Rodger Parsons",,"April 1, 2020",TV-Y7,3 Seasons,"Anime Series, Kids' TV","Ash and his Pikachu travel to the Alola region with his mother and enroll in the Pokémon school, where they confront the nefarious Team Skull.",2020,,,3,seasons,['TV Show'],[],"['Sarah Natochenny', 'Laurie Hymes', 'Jessica Paquet', 'Rosie Reyes', 'Alyson Leigh Rosenfeld', 'Marc Swint', 'Rodger Parsons']",[]
s319,Movie,Aerials,S.A. Zaidi,"Saga Alyasery, Ana Druzhynina, Mansour Al Felei, Mohammad Abu Diak, Pascale Matar, Luke Coutts, Abeer Mohammed",United Arab Emirates,"May 7, 2020",TV-14,90 min,"International Movies, Sci-Fi & Fantasy",Dubai residents struggle to figure out why a fleet of alien spaceships are hovering over their city when all contact with the outside world is cut off.,2020,,,90,minutes,['Movie'],['United Arab Emirates'],"['Saga Alyasery', 'Ana Druzhynina', 'Mansour Al Felei', 'Mohammad Abu Diak', 'Pascale Matar', 'Luke Coutts', 'Abeer Mohammed']",['S.A. Zaidi']
s6441,TV Show,The Haunting of Hill House,,"Michiel Huisman, Carla Gugino, Timothy Hutton, Henry Thomas, Elizabeth Reaser, Oliver Jackson-Cohen, Kate Siegel, Victoria Pedretti, Lulu Wilson, Mckenna Grace, Paxton Singleton, Julian Hilliard, Violet McGraw",United States,"October 12, 2018",TV-MA,1 Season,"TV Dramas, TV Horror, TV Mysteries","Flashing between past and present, a fractured family confronts haunting memories of their old home and the terrifying events that drove them from it.",2018,,,1,seasons,['TV Show'],['United States'],"['Michiel Huisman', 'Carla Gugino', 'Timothy Hutton', 'Henry Thomas', 'Elizabeth Reaser', 'Oliver Jackson-Cohen', 'Kate Siegel', 'Victoria Pedretti', 'Lulu Wilson', 'Mckenna Grace', 'Paxton Singleton', 'Julian Hilliard', 'Violet McGraw']",[]
s2264,TV Show,Frasier,,"Kelsey Grammer, Jane Leeves, David Hyde Pierce, Peri Gilpin, John Mahoney, Dan Butler",United States,,TV-PG,11 Seasons,"Classic & Cult TV, TV Comedies",Frasier Crane is a snooty but lovable Seattle psychiatrist who dispenses advice on his call-in radio show while ignoring it in his own relationships.,,,,11,seasons,['TV Show'],['United States'],"['Kelsey Grammer', 'Jane Leeves', 'David Hyde Pierce', 'Peri Gilpin', 'John Mahoney', 'Dan Butler']",[]
s1006,Movie,Blurred Lines: Inside the Art World,Barry Avrich,,Canada,"December 31, 2017",TV-MA,85 min,Documentaries,Artists and industry insiders shed light on the commercial forces behind the veneer of genius and glamour that often shrouds contemporary art.,2017,,,85,minutes,['Movie'],['Canada'],[],['Barry Avrich']
s6218,Movie,The Christmas Candle,John Stephenson,"Hans Matheson, Samantha Barks, Lesley Manville, Sylvester McCoy, Susan Boyle, John Hannah, Barbara Flynn, James Cosmo","United Kingdom, United States","November 1, 2019",PG,100 min,"Dramas, Faith & Spirituality",A progressive new minister's arrival in a small village threatens to end an age-old tradition that brings a yuletide miracle to one of the residents.,2019,,,100,minutes,['Movie'],"['United Kingdom', 'United States']","['Hans Matheson', 'Samantha Barks', 'Lesley Manville', 'Sylvester McCoy', 'Susan Boyle', 'John Hannah', 'Barbara Flynn', 'James Cosmo']",['John Stephenson']
s909,Movie,Big Time,Kaspar Astrup Schröder,Bjarke Ingels,Denmark,"April 1, 2018",TV-MA,90 min,Documentaries,"In this documentary, architect Bjarke Ingels offers his vision for 2 World Trade Center as he aims to restore Manhattan's skyline to its former glory.",2018,,,90,minutes,['Movie'],['Denmark'],['Bjarke Ingels'],['Kaspar Astrup Schröder']
s4280,Movie,Mumbai Meri Jaan,Nishikant Kamat,"Madhavan, Irrfan Khan, Soha Ali Khan, Paresh Rawal, Kay Kay Menon, Anand Goradia, Vijay Maurya, Vibhavari Deshpande, Santosh Juvekar, Kamlesh Sawant",India,"November 1, 2018",TV-MA,135 min,"Dramas, International Movies","A moving portrayal of the 2006 train bombings in Mumbai, this Indian drama follows the interconnected stories of several strangers.",2018,,,135,minutes,['Movie'],['India'],"['Madhavan', 'Irrfan Khan', 'Soha Ali Khan', 'Paresh Rawal', 'Kay Kay Menon', 'Anand Goradia', 'Vijay Maurya', 'Vibhavari Deshpande', 'Santosh Juvekar', 'Kamlesh Sawant']",['Nishikant Kamat']
s5556,Movie,She's Dating the Gangster,Cathy Garcia-Molina,"Kathryn Bernardo, Daniel Padilla, Richard Gomez, Dawn Zulueta, Sofia Andres, Khalil Ramos, Ian Veneracion, Pamu Pamorada, Igi Boy Flores, Marco Gumabao",Philippines,"February 27, 2019",TV-14,113 min,"Dramas, International Movies, Romantic Movies","To make another woman jealous, a campus heartthrob asks a fellow student to be his pretend girlfriend, but fate has other plans for the fake couple.",2019,,,113,minutes,['Movie'],['Philippines'],"['Kathryn Bernardo', 'Daniel Padilla', 'Richard Gomez', 'Dawn Zulueta', 'Sofia Andres', 'Khalil Ramos', 'Ian Veneracion', 'Pamu Pamorada', 'Igi Boy Flores', 'Marco Gumabao']",['Cathy Garcia-Molina']
s4902,Movie,Polar,,,"United States, Germany","January 25, 2019",TV-MA,119 min,"Action & Adventure, International Movies","An assassin on the verge of retirement must put the good life on hold when his greedy boss sends a squad of young, ruthless killers to take him out.",2019,,,119,minutes,['Movie'],"['United States', 'Germany']",[],[]
s6817,Movie,The Resistance Banker,Joram Lürsen,"Barry Atsma, Jacob Derwig, Pierre Bokma, Jaap Spijkers, Raymond Thiry, Fockeline Ouwerkerk, Matteo van der Grijn, Jochum ten Haaf, Peter Jordan, Götz Schubert",Netherlands,"September 11, 2018",TV-MA,123 min,"Dramas, International Movies","Risking his family and future, a banker in occupied Amsterdam slows the Nazi war machine by creating an underground bank to fund the resistance.",2018,,,123,minutes,['Movie'],['Netherlands'],"['Barry Atsma', 'Jacob Derwig', 'Pierre Bokma', 'Jaap Spijkers', 'Raymond Thiry', 'Fockeline Ouwerkerk', 'Matteo van der Grijn', 'Jochum ten Haaf', 'Peter Jordan', 'Götz Schubert']",['Joram Lürsen']
s5283,Movie,Rory Scovel Tries Stand-Up for the First Time,Scott Moran,Rory Scovel,United States,"June 20, 2017",TV-MA,66 min,Stand-Up Comedy,"Comedian Rory Scovel storms the stage in Atlanta, where he shares unfocused thoughts about things that mystify him, relationships and the ""Thong Song.""",2017,,,66,minutes,['Movie'],['United States'],['Rory Scovel'],['Scott Moran']
s4927,TV Show,Power Players,,"Kieran Walton, Carlos Salazar, Greg Chun, Jamieson Price, Reba Buhr, Todd Haberkorn, Landon McDonald, Scott Whyte, Paul Haapaniemi","United States, France","August 1, 2020",TV-Y7,2 Seasons,Kids' TV,A kid transforms into an action figure-sized superhero and teams with his toys in a fight against a villainous robot to save the world.,2020,,,2,seasons,['TV Show'],"['United States', 'France']","['Kieran Walton', 'Carlos Salazar', 'Greg Chun', 'Jamieson Price', 'Reba Buhr', 'Todd Haberkorn', 'Landon McDonald', 'Scott Whyte', 'Paul Haapaniemi']",[]
s1413,TV Show,Classic Legends,,Javed Akhtar,India,"May 15, 2017",TV-PG,1 Season,"Docuseries, International TV Shows",This documentary series explores the glamour of Bollywood through the stories of the men and women who have illuminated its screens.,2017,,,1,seasons,['TV Show'],['India'],['Javed Akhtar'],[]
s7683,TV Show,Wynonna Earp,,"Melanie Scrofano, Shamier Anderson, Tim Rozon, Dominique Provost-Chalkley, Michael Eklund, Katherine Barrell, Greg Lawson, Natascha Girgis","Canada, United States","July 16, 2019",TV-14,3 Seasons,"International TV Shows, TV Action & Adventure, TV Dramas",The outcast descendant of lawman Wyatt Earp teams up with an immortal Doc Holliday to rid the world of demonic revenants from the Wild West.,2019,,,3,seasons,['TV Show'],"['Canada', 'United States']","['Melanie Scrofano', 'Shamier Anderson', 'Tim Rozon', 'Dominique Provost-Chalkley', 'Michael Eklund', 'Katherine Barrell', 'Greg Lawson', 'Natascha Girgis']",[]
s1003,Movie,Blue Streak,Les Mayfield,"Martin Lawrence, Luke Wilson, Peter Greene, Dave Chappelle, Nicole Ari Parker, Graham Beckel, Robert Miranda, Olek Krupa, Saverio Guerra, Richard C. Sarafian, William Forsythe","Germany, United States","January 1, 2021",PG-13,94 min,"Action & Adventure, Comedies",A jewel thief returns to his hiding place after a stint in jail — only to find that his diamond is buried under a newly constructed police station.,2021,,,94,minutes,['Movie'],"['Germany', 'United States']","['Martin Lawrence', 'Luke Wilson', 'Peter Greene', 'Dave Chappelle', 'Nicole Ari Parker', 'Graham Beckel', 'Robert Miranda', 'Olek Krupa', 'Saverio Guerra', 'Richard C. Sarafian', 'William Forsythe']",['Les Mayfield']
s5359,Movie,Sam Kinison: Family Entertainment Hour,Walter C. Miller,Sam Kinison,United States,"December 31, 2018",TV-MA,49 min,Stand-Up Comedy,"Comic Sam Kinison lets it rip with this performance at L.A.'s Wiltern theatre, skewering every segment of modern society from religion to television.",2018,,,49,minutes,['Movie'],['United States'],['Sam Kinison'],['Walter C. Miller']
s4199,Movie,Monster High: Why Do Ghouls Fall in Love?,"Dustin McKenzie, Steve Sacks","Laura Bailey, Ogie Banks, Cam Clarke, Debi Derryberry, Erin Fitzgerald, Kate Higgins, Jonathan Lipow, Audu Paden, Cindy Robinson, Salli Saffioti, Evan Smith, America Young",United States,"January 1, 2018",TV-Y7,46 min,Children & Family Movies,Draculaura's ghoulfriends have some suspicions about one of her two persistent suitors – but can they stop him before he steals her un-beating heart?,2018,,,46,minutes,['Movie'],['United States'],"['Laura Bailey', 'Ogie Banks', 'Cam Clarke', 'Debi Derryberry', 'Erin Fitzgerald', 'Kate Higgins', 'Jonathan Lipow', 'Audu Paden', 'Cindy Robinson', 'Salli Saffioti', 'Evan Smith', 'America Young']","['Dustin McKenzie', 'Steve Sacks']"
s4248,Movie,Mowgli: Legend of the Jungle,Andy Serkis,"Christian Bale, Cate Blanchett, Benedict Cumberbatch, Naomie Harris, Andy Serkis, Rohan Chand, Peter Mullan, Jack Reynor, Eddie Marsan, Tom Hollander, Louis Ashbourne Serkis, Matthew Rhys, Freida Pinto","United Kingdom, United States","December 7, 2018",PG-13,105 min,"Action & Adventure, Children & Family Movies, Dramas",An orphaned boy raised by animals in the jungle seizes his destiny while confronting a dangerous enemy – and his own human origins.,2018,,,105,minutes,['Movie'],"['United Kingdom', 'United States']","['Christian Bale', 'Cate Blanchett', 'Benedict Cumberbatch', 'Naomie Harris', 'Andy Serkis', 'Rohan Chand', 'Peter Mullan', 'Jack Reynor', 'Eddie Marsan', 'Tom Hollander', 'Louis Ashbourne Serkis', 'Matthew Rhys', 'Freida Pinto']",['Andy Serkis']
s7661,TV Show,Word Party,,"Victor Yerrid, Alice Dinnean, Alon Williams, Donna Kimball, John Munro Cameron, John Tartaglia, Arty Casas, Dorien Davies, Misty Rosas, Patina Miller",United States,"January 21, 2020",TV-Y,4 Seasons,Kids' TV,"Meet Bailey, Franny, Kip and Lulu. They're adorable baby animals, and they want you to join the party and help them learn!",2020,,,4,seasons,['TV Show'],['United States'],"['Victor Yerrid', 'Alice Dinnean', 'Alon Williams', 'Donna Kimball', 'John Munro Cameron', 'John Tartaglia', 'Arty Casas', 'Dorien Davies', 'Misty Rosas', 'Patina Miller']",[]
s1727,Movie,Devil's Bride,Saara Cantell,"Tuulia Eloranta, Magnus Krepper, Elin Petersdottir, Claes Malmberg, Kaija Pakarinen, Antti Reini, Lauri Tanskanen, Johanna af Schultén, Maria Sid, Pirkko Hämäläinen, Sonja Halla-aho","Finland, Sweden, Norway, Latvia, Germany","June 1, 2017",TV-MA,108 min,"Dramas, International Movies","On a small Finnish island in 1666, a teenage girl in love with a married fisherman becomes the center of a tragic witch hunt and power struggle.",2017,,,108,minutes,['Movie'],"['Finland', 'Sweden', 'Norway', 'Latvia', 'Germany']","['Tuulia Eloranta', 'Magnus Krepper', 'Elin Petersdottir', 'Claes Malmberg', 'Kaija Pakarinen', 'Antti Reini', 'Lauri Tanskanen', 'Johanna af Schultén', 'Maria Sid', 'Pirkko Hämäläinen', 'Sonja Halla-aho']",['Saara Cantell']
s1321,Movie,Chhota Bheem Ka Troll Se Takkar,"Shyamal Chaulia, Asit Mohapatra","Julie Tejwani, SABINA MALIK, Jigna Bharadhwaj, Rupa Bhimani, Lalit Agarwal, Rajesh Shukla, Disha, Rajesh Kawa, Raju",,"May 10, 2019",TV-Y7,62 min,Movies,Trolls kidnap the king's daughters and overtake the kingdom of Messina. Can Bheem track them down and bring the princesses home?,2019,,,62,minutes,['Movie'],[],"['Julie Tejwani', 'SABINA MALIK', 'Jigna Bharadhwaj', 'Rupa Bhimani', 'Lalit Agarwal', 'Rajesh Shukla', 'Disha', 'Rajesh Kawa', 'Raju']","['Shyamal Chaulia', 'Asit Mohapatra']"
s2246,Movie,Forks Over Knives,Lee Fulkerson,,United States,"October 3, 2019",PG,96 min,Documentaries,"According to the research of two food scientists, the popularity of processed foods has led to epidemic rates of obesity, diabetes and other diseases.",2019,,,96,minutes,['Movie'],['United States'],[],['Lee Fulkerson']
s2670,Movie,Head Count,Elle Callahan,"Isaac Jay, Ashleigh Morghan, Bevin Bru, Billy Meade, Hunter Peterson, Chelcie May, Tory Freeth, Michael Herman, Amaka Obiechie, Sam Marra, Cooper Rowe",United States,"September 13, 2019",TV-MA,90 min,"Horror Movies, Independent Movies",A group of college students on a weekend getaway accidentally summon a supernatural entity intent on using them for its deadly ritual.,2019,,,90,minutes,['Movie'],['United States'],"['Isaac Jay', 'Ashleigh Morghan', 'Bevin Bru', 'Billy Meade', 'Hunter Peterson', 'Chelcie May', 'Tory Freeth', 'Michael Herman', 'Amaka Obiechie', 'Sam Marra', 'Cooper Rowe']",['Elle Callahan']
s4463,Movie,Nigerian Prince,Faraday Okoro,"Antonio Bell, Chinaza Uche, Tina Mba, Bimbo Manuel, Toyin Oshinaike, Craig Stott, Ebbe Bassey, Cristabel Goddy, Omar Maskati, Russell G. Jones, Dean Cameron","United States, Nigeria","August 14, 2020",TV-MA,104 min,"Dramas, Independent Movies","When a stubborn American teenager is sent to Nigeria by his mother, his cousin's scamming business becomes a viable option for securing a return flight.",2020,,,104,minutes,['Movie'],"['United States', 'Nigeria']","['Antonio Bell', 'Chinaza Uche', 'Tina Mba', 'Bimbo Manuel', 'Toyin Oshinaike', 'Craig Stott', 'Ebbe Bassey', 'Cristabel Goddy', 'Omar Maskati', 'Russell G. Jones', 'Dean Cameron']",['Faraday Okoro']
s5527,Movie,"Sexo, Pudor y Lagrimas",Antonio Serrano,"Demián Bichir, Susana Zabaleta, Jorge Salinas, Cecilia Suárez, Victor Huggo Martin, Mónica Dionne, Angélica Aragón, Laura Almela",Mexico,"December 15, 2017",R,111 min,"Comedies, Dramas, International Movies","Passions flare and alliances form when neighbors Ana and Miguel each start an affair with former lovers, right under their spouses' noses.",2017,,,111,minutes,['Movie'],['Mexico'],"['Demián Bichir', 'Susana Zabaleta', 'Jorge Salinas', 'Cecilia Suárez', 'Victor Huggo Martin', 'Mónica Dionne', 'Angélica Aragón', 'Laura Almela']",['Antonio Serrano']
s1534,TV Show,Cricket Fever: Mumbai Indians,,,India,"March 1, 2019",TV-MA,1 Season,"Docuseries, International TV Shows",Follow Indian Premier League champions Mumbai Indians through the 2018 season in this series featuring insider insights and intense cricket action.,2019,,,1,seasons,['TV Show'],['India'],[],[]
s4690,Movie,OtherLife,Ben C. Lucas,"Jessica De Gouw, T.J. Power, Thomas Cocquerel, Liam Graham, Clarence John Ryan, Maggie Meyer, Tiriel Mora, Priscilla-Anne Forder, Adriane Daff, Ian Toyne","Australia, United Arab Emirates","October 15, 2017",TV-MA,96 min,"Dramas, Independent Movies, International Movies","After inventing a drug that induces time-compressed virtual realities, young Ren grapples with partner Sam over how to use their powerful creation.",2017,,,96,minutes,['Movie'],"['Australia', 'United Arab Emirates']","['Jessica De Gouw', 'T.J. Power', 'Thomas Cocquerel', 'Liam Graham', 'Clarence John Ryan', 'Maggie Meyer', 'Tiriel Mora', 'Priscilla-Anne Forder', 'Adriane Daff', 'Ian Toyne']",['Ben C. Lucas']
s4148,Movie,Mission Blue,"Robert Nixon, Fisher Stevens","James Cameron, Michael deGruy, Sylvia Earle, Bryce Groark, Jeremy Jackson, Carl Safina","United States, Bermuda, Ecuador","August 15, 2014",TV-PG,94 min,Documentaries,This documentary follows oceanographer Sylvia Earle's campaign to save the world's oceans from threats such as overfishing and toxic waste.,2014,,,94,minutes,['Movie'],"['United States', 'Bermuda', 'Ecuador']","['James Cameron', 'Michael deGruy', 'Sylvia Earle', 'Bryce Groark', 'Jeremy Jackson', 'Carl Safina']","['Robert Nixon', 'Fisher Stevens']"
s2570,TV Show,Ha Unlimited,,"Tuck Boriboon, Ball Chernyim, Na’Kom Chuanchuen",,"May 11, 2018",TV-MA,2 Seasons,"International TV Shows, TV Comedies","Three comedians launch a company designed to spread happiness far and wide in this Thai sitcom packed with gags, sound effects and special guests.",2018,,,2,seasons,['TV Show'],[],"['Tuck Boriboon', 'Ball Chernyim', 'Na’Kom Chuanchuen']",[]
s6640,Movie,The Man Without Gravity,Marco Bonfanti,"Elio Germano, Michela Cescon, Elena Cotta, Silvia D'Amico, Vincent Scarito","Italy, Belgium","November 1, 2019",TV-MA,107 min,"Dramas, International Movies",A gravity-defying boy raised in seclusion matures into an extraordinary man – and an international celebrity – who longs for human connection.,2019,,,107,minutes,['Movie'],"['Italy', 'Belgium']","['Elio Germano', 'Michela Cescon', 'Elena Cotta', ""Silvia D'Amico"", 'Vincent Scarito']",['Marco Bonfanti']
s5214,Movie,Rip Tide,Rhiannon Bannenberg,"Debby Ryan, Genevieve Hegney, Andrew Creer, Naomi Sequeira, Aaron Jeffery, Valerie Bader, Jeremy Lindsay Taylor, Danielle Carter, Marcus Graham, Kimie Tsukakoshi","Australia, United Arab Emirates","January 15, 2018",TV-PG,87 min,"Children & Family Movies, Dramas, Sports Movies","Following an embarrassing viral video, a New York model decides to escape from her suffocating existence by visiting her faraway aunt in Australia.",2018,,,87,minutes,['Movie'],"['Australia', 'United Arab Emirates']","['Debby Ryan', 'Genevieve Hegney', 'Andrew Creer', 'Naomi Sequeira', 'Aaron Jeffery', 'Valerie Bader', 'Jeremy Lindsay Taylor', 'Danielle Carter', 'Marcus Graham', 'Kimie Tsukakoshi']",['Rhiannon Bannenberg']
s3108,Movie,Jada,Kumaran,"Kathir, Kishore Kumar G., Roshini, Yogi Babu, Kishore",India,"February 7, 2020",TV-14,124 min,"Dramas, International Movies, Sports Movies","Wishing to settle an old score, a promising soccer player defies his coach’s wishes and leads his team to participate in a violent form of the sport.",2020,,,124,minutes,['Movie'],['India'],"['Kathir', 'Kishore Kumar G.', 'Roshini', 'Yogi Babu', 'Kishore']",['Kumaran']
s3858,TV Show,Magical Andes,,,"Uruguay, Germany","October 15, 2019",TV-G,1 Season,"Docuseries, International TV Shows, Science & Nature TV","From Argentina to Colombia, this stunning documentary follows five characters who share their deep connection to South America's majestic mountains.",2019,,,1,seasons,['TV Show'],"['Uruguay', 'Germany']",[],[]
s3056,Movie,Iron Fists and Kung-Fu Kicks,Serge Ou,,Australia,"December 1, 2019",TV-MA,108 min,"Documentaries, International Movies",This documentary examines the influence of Hong Kong's martial arts cinema on filmmaking from the Shaw Brothers to modern-day Hollywood blockbusters.,2019,,,108,minutes,['Movie'],['Australia'],[],['Serge Ou']
s707,TV Show,Bal Ganesh,Vijay S. Bhanushali,"Meghna Erande Joshi, Parminder Ghumman",,"March 31, 2020",TV-Y7,1 Season,Kids' TV,"Watch Ganesh destroy demons, disarm invaders and defeat dacoits in this series based on the mythological Hindu elephant god’s childhood.",2020,,,1,seasons,['TV Show'],[],"['Meghna Erande Joshi', 'Parminder Ghumman']",['Vijay S. Bhanushali']
s7095,Movie,Time Please,Sameer Vidwans,"Priya Bapat, Siddarth Jadhav, Umesh Kamat, Sai Tamhankar, Vandana Gupte",India,"January 1, 2018",TV-14,125 min,"Comedies, Dramas, International Movies","Personality differences, an old friend and a past flame poke holes in the way a husband and wife perceive their marriage.",2018,,,125,minutes,['Movie'],['India'],"['Priya Bapat', 'Siddarth Jadhav', 'Umesh Kamat', 'Sai Tamhankar', 'Vandana Gupte']",['Sameer Vidwans']
s5169,Movie,Residue,Merawi Gerima,"Obinna Nwachukwu, Dennis Lindsey, Taline Stewart, Derron Scott, Jamal Graham, JaCari Dye, Julian Selman, Melody Tally, Ramon Thompson, Hasinatu Camara",United States,"September 17, 2020",TV-MA,90 min,"Dramas, Independent Movies",A young screenwriter returns to his hometown to write a script based on his childhood and discovers his neighborhood has been gentrified.,2020,,,90,minutes,['Movie'],['United States'],"['Obinna Nwachukwu', 'Dennis Lindsey', 'Taline Stewart', 'Derron Scott', 'Jamal Graham', 'JaCari Dye', 'Julian Selman', 'Melody Tally', 'Ramon Thompson', 'Hasinatu Camara']",['Merawi Gerima']
s4320,Movie,My Fuhrer,Dani Levy,"Helge Schneider, Ulrich Mühe, Sylvester Groth, Adriana Altaras, Stefan Kurt, Ulrich Noethen, Lambert Hamel, Udo Kroschwald, Torsten Michaelis, Axel Werner",Germany,"May 7, 2018",TV-14,91 min,"Comedies, International Movies",Germany's most celebrated actor is commissioned by Nazi propagandist Joseph Goebbels to prepare the leader of the Third Reich to deliver a speech.,2018,,,91,minutes,['Movie'],['Germany'],"['Helge Schneider', 'Ulrich Mühe', 'Sylvester Groth', 'Adriana Altaras', 'Stefan Kurt', 'Ulrich Noethen', 'Lambert Hamel', 'Udo Kroschwald', 'Torsten Michaelis', 'Axel Werner']",['Dani Levy']
s995,TV Show,Blown Away,,,Canada,"July 12, 2019",TV-14,1 Season,"International TV Shows, Reality TV","Ten master artists turn up the heat in glassblowing sculpture challenges for the chance to win $60,000 in prizes and the title of champion.",2019,,,1,seasons,['TV Show'],['Canada'],[],[]
s1836,Movie,Doubles Cause Troubles,Wong Jing,"Carol 'Do Do' Cheng, Maggie Cheung, Wilson Lam, Chan Pak-cheung, Charlie Cho, Tom Poon, Kwan Ming-yuk, Hon Yee-Sang, Sherman Wong, Lo Fan",Hong Kong,"August 1, 2018",TV-14,94 min,"Action & Adventure, Comedies, International Movies","When the tenant in their flat dies under suspicious circumstances, two bickering cousins are forced to navigate both sides of the law.",2018,,,94,minutes,['Movie'],['Hong Kong'],"[""Carol 'Do Do' Cheng"", 'Maggie Cheung', 'Wilson Lam', 'Chan Pak-cheung', 'Charlie Cho', 'Tom Poon', 'Kwan Ming-yuk', 'Hon Yee-Sang', 'Sherman Wong', 'Lo Fan']",['Wong Jing']
s1408,Movie,Clarence Clemons: Who Do I Think I Am?,Nick Mead,Clarence Clemons,United States,"November 14, 2019",TV-MA,88 min,"Documentaries, Music & Musicals",This intimate documentary follows the life of legendary saxophonist Clarence Clemons and his spiritual awakening before his death in 2011.,2019,,,88,minutes,['Movie'],['United States'],['Clarence Clemons'],['Nick Mead']
s2179,Movie,Fireplace 4K: Crackling Birchwood from Fireplace for Your Home,George Ford,,,"December 21, 2015",TV-G,60 min,Movies,"For the first time in 4K Ultra-HD, everyone's favorite Yuletide fireplace snaps and crackles in crystal clear, high-def holiday warmth.",2015,,,60,minutes,['Movie'],[],[],['George Ford']
s4429,TV Show,Nature: Animals With Cameras,,Gordon Buchanan,"United Kingdom, United States","October 1, 2018",TV-PG,1 Season,"Docuseries, Science & Nature TV","With custom-built cameras attached to their bodies, animals from nine species offer a rare and intimate glimpse into their lives.",2018,,,1,seasons,['TV Show'],"['United Kingdom', 'United States']",['Gordon Buchanan'],[]
s4705,TV Show,Outback Truckers,,,Australia,"March 17, 2017",TV-MA,3 Seasons,Reality TV,"Australia's toughest big-rig drivers brave wildfires, scorching deserts, treacherous downpours and chassis-deep mud to deliver their cargo on time.",2017,,,3,seasons,['TV Show'],['Australia'],[],[]
s4811,Movie,Pee-wee's Big Holiday,John Lee,"Paul Reubens, Joe Manganiello, Jessica Pohly, Alia Shawkat, Stephanie Beatriz, Brad William Henke, Hal Landon Jr., Diane Salinger, Patrick Egan, Tara Buck, Richard Riehle",United States,"March 18, 2016",TV-PG,90 min,"Children & Family Movies, Comedies, Cult Movies",A chance encounter with a mysterious stranger (Joe Manganiello) points Pee-wee toward his destiny – and his first-ever holiday!,2016,,,90,minutes,['Movie'],['United States'],"['Paul Reubens', 'Joe Manganiello', 'Jessica Pohly', 'Alia Shawkat', 'Stephanie Beatriz', 'Brad William Henke', 'Hal Landon Jr.', 'Diane Salinger', 'Patrick Egan', 'Tara Buck', 'Richard Riehle']",['John Lee']
s1164,TV Show,Cable Girls,,"Blanca Suárez, Nadia de Santiago, Ana Fernández, Maggie Civantos, Ana Polvorosa, Yon González, Martiño Rivas, Nico Romero, Borja Luna, Sergio Mur, Concha Velasco, Antonio Velázquez, Ernesto Alterio, Ira del Río, Angela Cremonte, Andrea Carballo",Spain,"July 3, 2020",TV-MA,6 Seasons,"International TV Shows, Romantic TV Shows, Spanish-Language TV Shows","In 1920s Madrid, four women at the National Telephone Company ring in revolution as they manage romance, friendship and the modern workplace.",2020,,,6,seasons,['TV Show'],['Spain'],"['Blanca Suárez', 'Nadia de Santiago', 'Ana Fernández', 'Maggie Civantos', 'Ana Polvorosa', 'Yon González', 'Martiño Rivas', 'Nico Romero', 'Borja Luna', 'Sergio Mur', 'Concha Velasco', 'Antonio Velázquez', 'Ernesto Alterio', 'Ira del Río', 'Angela Cremonte', 'Andrea Carballo']",[]
s38,Movie,#Selfie 69,Cristina Jacob,"Maia Morgenstern, Olimpia Melinte, Crina Semciuc, Flavia Hojda, Maria Dinulescu, Alex Calin, Vlad Logigan, Levent Sali, Silvia Busuioc, Mihaela Mihut",Romania,"June 1, 2019",TV-MA,119 min,"Comedies, Dramas, International Movies","After a painful breakup, a trio of party-loving friends makes a bet: who can get married in three days.",2019,,,119,minutes,['Movie'],['Romania'],"['Maia Morgenstern', 'Olimpia Melinte', 'Crina Semciuc', 'Flavia Hojda', 'Maria Dinulescu', 'Alex Calin', 'Vlad Logigan', 'Levent Sali', 'Silvia Busuioc', 'Mihaela Mihut']",['Cristina Jacob']
s504,Movie,Anchor Baby,Lonzo Nzekwe,"Omoni Oboli, Sam Sarpong, Terri Oliver, Colin Paradine, Mark Cassius","Canada, Nigeria","May 20, 2020",TV-MA,97 min,"Dramas, International Movies",A Nigerian couple living in the U.S. face agonizing fallout when they defy deportation orders with the hopes of giving their unborn child citizenship.,2020,,,97,minutes,['Movie'],"['Canada', 'Nigeria']","['Omoni Oboli', 'Sam Sarpong', 'Terri Oliver', 'Colin Paradine', 'Mark Cassius']",['Lonzo Nzekwe']
s6369,Movie,The Forest of Love,Sion Sono,"Kippei Shiina, Shinnosuke Mitsushima, Kyooko Hinami, Eri Kamataki, Young Dais, Natsuki Kawamura, Yuzuka Nakaya, Dai Hasegawa, Chiho Fujii, Sei Matobu, Denden",Japan,"October 11, 2019",TV-MA,151 min,"Dramas, International Movies, Thrillers",A con man and a would-be filmmaking crew force themselves into the lives of two grief-scarred young women. But nothing is as it seems.,2019,,,151,minutes,['Movie'],['Japan'],"['Kippei Shiina', 'Shinnosuke Mitsushima', 'Kyooko Hinami', 'Eri Kamataki', 'Young Dais', 'Natsuki Kawamura', 'Yuzuka Nakaya', 'Dai Hasegawa', 'Chiho Fujii', 'Sei Matobu', 'Denden']",['Sion Sono']
s5184,Movie,Reversing Roe,,"Ricki Stern, Annie Sundberg",United States,"September 13, 2018",TV-14,100 min,Documentaries,"Through interviews with abortion rights supporters and opponents, this film lifts the lid on a decades-long political campaign to overturn Roe v. Wade.",2018,,,100,minutes,['Movie'],['United States'],"['Ricki Stern', 'Annie Sundberg']",[]
s2904,Movie,I Am Vengeance,Ross Boyask,"Stu Bennett, Anna Shaffer, Mark Griffin, Bryan Larkin, Kevin Leslie, Gary Daniels",United Kingdom,"December 22, 2018",R,93 min,Action & Adventure,"After learning that an ex-military friend and his parents were killed, the highly trained John Gold comes to town seeking answers and revenge.",2018,,,93,minutes,['Movie'],['United Kingdom'],"['Stu Bennett', 'Anna Shaffer', 'Mark Griffin', 'Bryan Larkin', 'Kevin Leslie', 'Gary Daniels']",['Ross Boyask']
s6457,TV Show,The Hollow,,"Adrian Petriw, Ashleigh Ball, Connor Parnall, Mark Hildreth, Alex Barima, Jesse Moss, Diana Kaarina, Brian Dobson",Canada,"May 8, 2020",TV-Y7,2 Seasons,"Kids' TV, TV Thrillers","Three teens join forces to find a way home after waking up in a strange realm filled with magic portals, perplexing puzzles and vicious beasts.",2020,,,2,seasons,['TV Show'],['Canada'],"['Adrian Petriw', 'Ashleigh Ball', 'Connor Parnall', 'Mark Hildreth', 'Alex Barima', 'Jesse Moss', 'Diana Kaarina', 'Brian Dobson']",[]
s5174,TV Show,Resurrection: Ertugrul,,"Engin Altan Düzyatan, Serdar Gökhan, Hülya Darcan, Kaan Taşaner, Esra Bilgiç, Osman Soykut, Serdar Deniz, Cengiz Coşkun, Reshad Strik, Hande Subaşı",Turkey,"September 24, 2019",TV-14,5 Seasons,"International TV Shows, TV Action & Adventure, TV Dramas","When a good deed unwittingly endangers his clan, a 13th-century Turkish warrior agrees to fight a sultan's enemies in exchange for new tribal land.",2019,,,5,seasons,['TV Show'],['Turkey'],"['Engin Altan Düzyatan', 'Serdar Gökhan', 'Hülya Darcan', 'Kaan Taşaner', 'Esra Bilgiç', 'Osman Soykut', 'Serdar Deniz', 'Cengiz Coşkun', 'Reshad Strik', 'Hande Subaşı']",[]
s4744,Movie,Painted Faces,Alex Law,"Sammo Kam-Bo Hung, Ching-Ying Lam, Cheng Pei-pei",Hong Kong,"August 16, 2018",TV-PG,108 min,"Dramas, International Movies","In this dramatized rendition, students undergo rigorous study at Master Yu's Peking Opera school, a cradle for future Hong Kong film stars.",2018,,,108,minutes,['Movie'],['Hong Kong'],"['Sammo Kam-Bo Hung', 'Ching-Ying Lam', 'Cheng Pei-pei']",['Alex Law']
s3616,Movie,Lez Bomb,Jenna Laurenzo,"Jenna Laurenzo, Deirdre O'Connell, Brandon Michael Hall, Kevin Pollak, Elaine Hendrix, Steve Guttenberg, Cloris Leachman, Bruce Dern",United States,"February 7, 2019",TV-14,90 min,"Comedies, LGBTQ Movies",A young woman's attempt to come out of the closet on Thanksgiving gets complicated when her male roommate shows up to her parents' home unannounced.,2019,,,90,minutes,['Movie'],['United States'],"['Jenna Laurenzo', ""Deirdre O'Connell"", 'Brandon Michael Hall', 'Kevin Pollak', 'Elaine Hendrix', 'Steve Guttenberg', 'Cloris Leachman', 'Bruce Dern']",['Jenna Laurenzo']
s3654,Movie,Listen,Philippe Aractingi,"Hadi Bou Ayash, Ruba Zarour, Yara Bou Nassar, Rafik Ali Ahmad, Joseph Bou Nassar, Lama Lawand",Lebanon,"October 19, 2020",TV-MA,103 min,"Dramas, Independent Movies, International Movies","A sound engineer falls for a model but after an unfortunate accident, he fights to save their love by triggering her senses.",2020,,,103,minutes,['Movie'],['Lebanon'],"['Hadi Bou Ayash', 'Ruba Zarour', 'Yara Bou Nassar', 'Rafik Ali Ahmad', 'Joseph Bou Nassar', 'Lama Lawand']",['Philippe Aractingi']
s4576,TV Show,Off Camera,,Sam Jones,United States,"June 1, 2017",TV-MA,3 Seasons,Stand-Up Comedy & Talk Shows,"Photographer, writer and director Sam Jones sets his famous guests at ease with his freewheeling, insightful celebrity interviews without agendas.",2017,,,3,seasons,['TV Show'],['United States'],['Sam Jones'],[]
s335,Movie,Agatha and the Truth of Murder,Terry Loane,"Ruth Bradley, Pippa Haywood, Dean Andrews, Bebe Cave, Blake Harrison, Tim McInnerny, Ralph Ineson, Michael McElhatton",United Kingdom,"January 31, 2019",TV-MA,92 min,Dramas,"In a dramatized depiction of her 11-day disappearance, novelist Agatha Christie solving a real murder amid a crisis in her writing and marriage.",2019,,,92,minutes,['Movie'],['United Kingdom'],"['Ruth Bradley', 'Pippa Haywood', 'Dean Andrews', 'Bebe Cave', 'Blake Harrison', 'Tim McInnerny', 'Ralph Ineson', 'Michael McElhatton']",['Terry Loane']
s5823,TV Show,Stolen Away,,"Daniel Grao, Carolina Lapausa, Melani Olivares, Adriana Paz, Fernando Solórzano, Juan Carlos Messier, Jon Arias, Verónica Velásquez, David Trejos, Ana Maria Orozco",Spain,"October 23, 2020",TV-MA,1 Season,"Crime TV Shows, International TV Shows, Spanish-Language TV Shows","Searching for his kidnapped daughter, Antonio sets off a series of events affecting scores of people when he maneuvers to be sent to prison in Colombia.",2020,,,1,seasons,['TV Show'],['Spain'],"['Daniel Grao', 'Carolina Lapausa', 'Melani Olivares', 'Adriana Paz', 'Fernando Solórzano', 'Juan Carlos Messier', 'Jon Arias', 'Verónica Velásquez', 'David Trejos', 'Ana Maria Orozco']",[]
s812,TV Show,Behind Enemy Lines,,,United States,"August 15, 2016",TV-14,1 Season,"British TV Shows, Docuseries","After dire setbacks in 1940, Winston Churchill commissions a new kind of fighting force: commandos trained to use stealth and audacious tactics.",2016,,,1,seasons,['TV Show'],['United States'],[],[]
s5735,TV Show,Space Jungle,,"Kim Min-hee, Park Yoon-hee, Sun Sung-wook",,"December 1, 2019",TV-Y,2 Seasons,"Kids' TV, Korean TV Shows, TV Comedies","A broken spaceship strands four very tiny aliens on Earth, where they discover an adventure (and strange dangers!) that they never expected.",2019,,,2,seasons,['TV Show'],[],"['Kim Min-hee', 'Park Yoon-hee', 'Sun Sung-wook']",[]
s7765,Movie,Zero,Aanand Rai,"Shah Rukh Khan, Anushka Sharma, Katrina Kaif, Mohammed Zeeshan Ayyub, Tigmanshu Dhulia, Sheeba Chaddha, Brijendra Kala, Mallika Dua, Abhay Deol, Madhavan",India,"May 21, 2019",TV-14,159 min,"Comedies, Dramas, International Movies","Through his relationships with two wildly different women, a vertically challenged bachelor with a larger-than-life persona must discover his purpose.",2019,,,159,minutes,['Movie'],['India'],"['Shah Rukh Khan', 'Anushka Sharma', 'Katrina Kaif', 'Mohammed Zeeshan Ayyub', 'Tigmanshu Dhulia', 'Sheeba Chaddha', 'Brijendra Kala', 'Mallika Dua', 'Abhay Deol', 'Madhavan']",['Aanand Rai']
s7566,Movie,What the Jatt!!,Saket Behl,"Harish Verma, Isha Rikhi, Vipul Roy, Binnu Dhillon, Poonam Rajput, B.N. Sharma, Satti Sembi",India,"October 1, 2018",TV-PG,140 min,"Comedies, International Movies, Romantic Movies","A peasant from Punjab and his best friend pose as detectives, filmmakers and more while trying to retrieve stolen money in this romantic comedy.",2018,,,140,minutes,['Movie'],['India'],"['Harish Verma', 'Isha Rikhi', 'Vipul Roy', 'Binnu Dhillon', 'Poonam Rajput', 'B.N. Sharma', 'Satti Sembi']",['Saket Behl']
s713,Movie,Bana Masal Anlatma,Burak Aksak,"Hande Doğandemir, Fatih Artman, Devrim Yakut, Cengiz Bozkurt, Erdal Tosun, Berat Yenilmez, Ercan Yazgan, Sadi Celil Cengiz, Cihan Ercan, Burcu Biricik, Tarık Ünlüoğlu, Gürkan Uygun, Gökçe Bahadır",Turkey,"March 10, 2017",TV-14,103 min,"Comedies, International Movies, Romantic Movies","Minibus driver Riza is a steady presence in his close-knit neighborhood, until he brings home a dreamy beauty and throws everything into chaos.",2017,,,103,minutes,['Movie'],['Turkey'],"['Hande Doğandemir', 'Fatih Artman', 'Devrim Yakut', 'Cengiz Bozkurt', 'Erdal Tosun', 'Berat Yenilmez', 'Ercan Yazgan', 'Sadi Celil Cengiz', 'Cihan Ercan', 'Burcu Biricik', 'Tarık Ünlüoğlu', 'Gürkan Uygun', 'Gökçe Bahadır']",['Burak Aksak']
s2938,Movie,Ideachi Kalpana,Sachin,"Bhargavi Chirmuley, Mahesh Kothare, Sachin, Ashok Saraf, Nirmiti Sawant",India,"January 1, 2018",TV-14,124 min,"Comedies, International Movies, Romantic Movies","After an actor is hit by a car driven by the police commissioner's sister, his scheming brother-in-law files a bogus suit against the commissioner.",2018,,,124,minutes,['Movie'],['India'],"['Bhargavi Chirmuley', 'Mahesh Kothare', 'Sachin', 'Ashok Saraf', 'Nirmiti Sawant']",['Sachin']
s7644,Movie,Wish Upon a Unicorn,Steve Bencich,"Ryan Kiera Armstrong, Summer Fontana, Kevin J. O'Connor, Tait Blum, Jon Gries, Branscombe Richmond, Rick Overton, Jonathan Lajoie, Chloe Webb",,"September 15, 2020",PG,93 min,Children & Family Movies,Sisters Mia and Emma move to their grandmother’s farm far from the city and save a magical unicorn from local cowboys seeking its powers for themselves.,2020,,,93,minutes,['Movie'],[],"['Ryan Kiera Armstrong', 'Summer Fontana', ""Kevin J. O'Connor"", 'Tait Blum', 'Jon Gries', 'Branscombe Richmond', 'Rick Overton', 'Jonathan Lajoie', 'Chloe Webb']",['Steve Bencich']
s6815,Movie,The Republic of Imbaba,Ahmed Al-Badry,"Bassem Samra, Ola Ghanem, Ahmad Wafiq, Feryal Youssef, Ayman Kandil, Inas Ezz El Din, Mohamed Farouk",,"June 6, 2019",TV-14,90 min,"Dramas, International Movies","Living on the edges of Cairo’s Embabah neighborhood, several residents seek to better their circumstances following the January 25 Revolution.",2019,,,90,minutes,['Movie'],[],"['Bassem Samra', 'Ola Ghanem', 'Ahmad Wafiq', 'Feryal Youssef', 'Ayman Kandil', 'Inas Ezz El Din', 'Mohamed Farouk']",['Ahmed Al-Badry']
s5404,Movie,Satrangi Re,Aditya Sarpotdar,"Amruta Khanvilkar, Vidyadhar Joshi, Subodh Bhave",India,"March 15, 2018",TV-14,150 min,"Dramas, International Movies, Music & Musicals","Friends in their last year of college contemplate the future of their band as they juggle questions of love, work, family and identity.",2018,,,150,minutes,['Movie'],['India'],"['Amruta Khanvilkar', 'Vidyadhar Joshi', 'Subodh Bhave']",['Aditya Sarpotdar']
s6966,TV Show,The Universe: Ancient Mysteries Solved,,Erik Thompson,,"May 2, 2020",TV-PG,1 Season,"Docuseries, Science & Nature TV","From astronomical events to shapes and patterns in space, strange and wonderful phenomena are explored with modern science in this series.",2020,,,1,seasons,['TV Show'],[],['Erik Thompson'],[]
s96,TV Show,28 Moons,,"Jin-sung Yang, Kyu-jong Kim, Tae-hwan Kang, Geummi",South Korea,"June 10, 2017",TV-PG,1 Season,"International TV Shows, Korean TV Shows, Romantic TV Shows","When her fiancé acts strangely upon receiving a mysterious invitation, a florist sets out to find out the truth behind the tiny scrap of paper.",2017,,,1,seasons,['TV Show'],['South Korea'],"['Jin-sung Yang', 'Kyu-jong Kim', 'Tae-hwan Kang', 'Geummi']",[]
s7379,Movie,Uyare,Manu Ashokan,"Parvathy, Asif Ali, Tovino Thomas, Siddique, Pratap Pothan, Samyuktha Menon, Anarkali Marikar, Prem Prakash",India,"August 14, 2019",TV-14,119 min,"Dramas, International Movies",An aspiring pilot fights for her future – and justice – after surviving an acid attack from her abusive boyfriend.,2019,,,119,minutes,['Movie'],['India'],"['Parvathy', 'Asif Ali', 'Tovino Thomas', 'Siddique', 'Pratap Pothan', 'Samyuktha Menon', 'Anarkali Marikar', 'Prem Prakash']",['Manu Ashokan']
s409,Movie,All Dogs Go to Heaven,"Don Bluth, Gary Goldman, Dan Kuenster","Dom DeLuise, Burt Reynolds, Daryl Gilley, Candy Devine, Charles Nelson Reilly, Vic Tayback, Melba Moore, Judith Barsi, Rob Fuller, Earleen Carey, Anna Manahan, Nigel Pegram, Loni Anderson, Ken Page, Godfrey Quigley","Ireland, United Kingdom, United States","June 1, 2020",G,85 min,Children & Family Movies,"When a canine con artist becomes an angel, he sneaks back to Earth and crosses paths with an orphan girl who can speak to animals.",2020,,,85,minutes,['Movie'],"['Ireland', 'United Kingdom', 'United States']","['Dom DeLuise', 'Burt Reynolds', 'Daryl Gilley', 'Candy Devine', 'Charles Nelson Reilly', 'Vic Tayback', 'Melba Moore', 'Judith Barsi', 'Rob Fuller', 'Earleen Carey', 'Anna Manahan', 'Nigel Pegram', 'Loni Anderson', 'Ken Page', 'Godfrey Quigley']","['Don Bluth', 'Gary Goldman', 'Dan Kuenster']"
s6086,Movie,The Animal People,"Denis Hennelly, Casey Suchan",,United States,"March 11, 2020",TV-MA,97 min,Documentaries,Animal rights protesters trying to shut down a facility that conducts animal testing are labeled terrorists by big business and law enforcement.,2020,,,97,minutes,['Movie'],['United States'],[],"['Denis Hennelly', 'Casey Suchan']"
s7416,Movie,Victor,Brandon Dickerson,"Patrick Davis, Lisa Vidal, Josh Pence, José Zúñiga, Haley Ramm, Matt Angel, J. Michael Trautmann, Lobo Sebastian",United States,"July 24, 2017",PG-13,110 min,Dramas,"In 1962 Brooklyn, a Puerto Rican teen who joins a gang is seduced by violence and heroin. But can his mother's love and faith in God save him?",2017,,,110,minutes,['Movie'],['United States'],"['Patrick Davis', 'Lisa Vidal', 'Josh Pence', 'José Zúñiga', 'Haley Ramm', 'Matt Angel', 'J. Michael Trautmann', 'Lobo Sebastian']",['Brandon Dickerson']
s430,Movie,Alone in Berlin,Vincent Perez,"Emma Thompson, Brendan Gleeson, Daniel Brühl, Monique Chaumette, Joachim Bissmeier, Katrin Pollitt, Lars Rudolph, Uwe Preuss, Daniel Sträßer, Rainer Reiners, Mikael Persbrandt","United Kingdom, France, Germany","February 15, 2019",R,103 min,Dramas,"After learning of their son's death on the battlefield, a grieving Berlin couple embark on a quietly dangerous act of resistance against Adolf Hitler.",2019,,,103,minutes,['Movie'],"['United Kingdom', 'France', 'Germany']","['Emma Thompson', 'Brendan Gleeson', 'Daniel Brühl', 'Monique Chaumette', 'Joachim Bissmeier', 'Katrin Pollitt', 'Lars Rudolph', 'Uwe Preuss', 'Daniel Sträßer', 'Rainer Reiners', 'Mikael Persbrandt']",['Vincent Perez']
s5152,Movie,ReMastered: The Miami Showband Massacre,Stuart Sender,,United States,"March 22, 2019",TV-MA,71 min,"Documentaries, Music & Musicals",The killing of three members of the Miami Showband sent shock waves across Ireland in 1975. Now one survivor doggedly pursues the truth.,2019,,,71,minutes,['Movie'],['United States'],[],['Stuart Sender']
s3979,Movie,Mascots,Christopher Guest,"Carrie Aizley, Sarah Baker, Bob Balaban, Ed Begley Jr., Tom Bennett, Maria Blasucci, Jennifer Coolidge, Kerry Godliman, Matt Griesser, Christopher Guest, John Michael Higgins, Michael Hitchcock, Don Lake, Jane Lynch, Christopher Moynihan, Chris O'Dowd, Jim Piddock, Parker Posey, Harry Shearer, Fred Willard, Zach Woods, Susan Yeagley",United States,"October 13, 2016",TV-MA,95 min,Comedies,"Eager contestants don big heads and furry suits to vie for the title of World's Best Mascot in this offbeat, comic romp from Christopher Guest.",2016,,,95,minutes,['Movie'],['United States'],"['Carrie Aizley', 'Sarah Baker', 'Bob Balaban', 'Ed Begley Jr.', 'Tom Bennett', 'Maria Blasucci', 'Jennifer Coolidge', 'Kerry Godliman', 'Matt Griesser', 'Christopher Guest', 'John Michael Higgins', 'Michael Hitchcock', 'Don Lake', 'Jane Lynch', 'Christopher Moynihan', ""Chris O'Dowd"", 'Jim Piddock', 'Parker Posey', 'Harry Shearer', 'Fred Willard', 'Zach Woods', 'Susan Yeagley']",['Christopher Guest']
s5371,TV Show,Samurai Gourmet,,"Naoto Takenaka, Tetsuji Tamayama, Honami Suzuki",Japan,"March 17, 2017",TV-PG,1 Season,"International TV Shows, TV Dramas",Recent retiree Takeshi rediscovers his passion for food and life by getting in touch with his inner warrior and eating what he truly desires.,2017,,,1,seasons,['TV Show'],['Japan'],"['Naoto Takenaka', 'Tetsuji Tamayama', 'Honami Suzuki']",[]
s3693,TV Show,Loaded,,"Jim Howick, Samuel Anderson, Jonny Sweet, Nick Helm, Mary McCormack, Aimee-Ffion Edwards, Lolly Adefope",United Kingdom,"April 1, 2018",TV-MA,1 Season,"British TV Shows, International TV Shows, TV Comedies",Four friends become overnight millionaires after selling their video game start-up. But their newfound status tests their friendship and resolve.,2018,,,1,seasons,['TV Show'],['United Kingdom'],"['Jim Howick', 'Samuel Anderson', 'Jonny Sweet', 'Nick Helm', 'Mary McCormack', 'Aimee-Ffion Edwards', 'Lolly Adefope']",[]
s354,Movie,Aisa Yeh Jahaan,Biswajeet Bora,"Palash Sen, Ira Dubey, Yashpal Sharma, Tinnu Anand, Prisha Dabbas, Kymsleen Kholie, Satish Sharma",India,"October 15, 2017",TV-14,127 min,"Dramas, Independent Movies, International Movies","During a vacation with her parents, away from her concrete urban existence, a young girl learns to appreciate the joys of connecting with nature.",2017,,,127,minutes,['Movie'],['India'],"['Palash Sen', 'Ira Dubey', 'Yashpal Sharma', 'Tinnu Anand', 'Prisha Dabbas', 'Kymsleen Kholie', 'Satish Sharma']",['Biswajeet Bora']
s1431,TV Show,Club de Cuervos Presents: The Ballad of Hugo Sánchez,,"Jesús Zavala, Ianis Guerrero, Mauro Mauad, Renato Gutz, Raúl Briones, Markin López, Guillermo Dorantes, Martha Claudia Moreno, Aldo Escalante, Sergio Mayer, Paola Moreno, Pedro Miguel Arce",United States,"June 18, 2018",TV-MA,1 Season,"International TV Shows, Spanish-Language TV Shows, TV Comedies",Chava Iglesias's doting personal assistant Hugo Sánchez is tasked with leading Club de Cuervos to victory in Nicaragua – if only his mom will let him.,2018,,,1,seasons,['TV Show'],['United States'],"['Jesús Zavala', 'Ianis Guerrero', 'Mauro Mauad', 'Renato Gutz', 'Raúl Briones', 'Markin López', 'Guillermo Dorantes', 'Martha Claudia Moreno', 'Aldo Escalante', 'Sergio Mayer', 'Paola Moreno', 'Pedro Miguel Arce']",[]
s7286,Movie,Two Catalonias,"Álvaro Longoria, Gerardo Olivares",,Spain,"September 28, 2018",TV-MA,117 min,"Documentaries, International Movies",Lawmakers and activists with conflicting ideologies speak about the complexities of Catalonia's politics and the fight for its independence from Spain.,2018,,,117,minutes,['Movie'],['Spain'],[],"['Álvaro Longoria', 'Gerardo Olivares']"
s5684,Movie,Snowden,Oliver Stone,"Joseph Gordon-Levitt, Shailene Woodley, Zachary Quinto, Melissa Leo, Tom Wilkinson, Timothy Olyphant, Nicolas Cage, Rhys Ifans, Joely Richardson, Scott Eastwood, Ben Schnetzer, Logan Marshall-Green","United Kingdom, France, Germany, United States","November 1, 2020",R,134 min,"Dramas, Thrillers",This thriller traces Edward Snowden's journey from Army recruit to disillusioned government analyst bent on exposing vast U.S. surveillance programs.,2020,,,134,minutes,['Movie'],"['United Kingdom', 'France', 'Germany', 'United States']","['Joseph Gordon-Levitt', 'Shailene Woodley', 'Zachary Quinto', 'Melissa Leo', 'Tom Wilkinson', 'Timothy Olyphant', 'Nicolas Cage', 'Rhys Ifans', 'Joely Richardson', 'Scott Eastwood', 'Ben Schnetzer', 'Logan Marshall-Green']",['Oliver Stone']
s6167,Movie,The Boy Who Cried Werewolf,Eric Bross,"Victoria Justice, Chase Ellison, Anna Galvin, Matt Winston, Jillian Marie, Valerie Tian, Kerry James, Andrea Brooks, Christie Laing, Cainan Wiebe, Brooke Shields, Brooke D'Orsay, Steven Grayhm","United States, Canada","November 2, 2019",TV-Y,86 min,"Children & Family Movies, Comedies","When high school girl-geek Jordan becomes a werewolf after moving to Romania, she must elude her own brother, who sets out to slay her.",2019,,,86,minutes,['Movie'],"['United States', 'Canada']","['Victoria Justice', 'Chase Ellison', 'Anna Galvin', 'Matt Winston', 'Jillian Marie', 'Valerie Tian', 'Kerry James', 'Andrea Brooks', 'Christie Laing', 'Cainan Wiebe', 'Brooke Shields', ""Brooke D'Orsay"", 'Steven Grayhm']",['Eric Bross']
s7052,Movie,This Was Tomorrow,Wim Bonte,,Belgium,"December 15, 2015",NR,77 min,"Documentaries, International Movies, Music & Musicals","The Tomorrowland music festival marks its 10th anniversary in Belgium, the U.S. and Brazil, with all the diverse excitement of the annual event.",2015,,,77,minutes,['Movie'],['Belgium'],[],['Wim Bonte']
s4912,TV Show,Pororo - The Little Penguin,,,South Korea,"April 19, 2019",TV-Y7,2 Seasons,"Kids' TV, Korean TV Shows","On a tiny island, Pororo the penguin has fun adventures with his friends Eddy the fox, Loopy the beaver, Poby the polar bear and Crong the dinosaur.",2019,,,2,seasons,['TV Show'],['South Korea'],[],[]
s6852,Movie,The Score,Frank Oz,"Robert De Niro, Edward Norton, Marlon Brando, Angela Bassett, Gary Farmer, Paul Soles, Jamie Harrold, Serge Houde","Germany, Canada, United States","November 28, 2019",R,124 min,"Dramas, Thrillers","Ready-to-retire safecracker Nick, flamboyant fence Max and talented but volatile thief Jackie team up to rob the Montreal Customs House.",2019,,,124,minutes,['Movie'],"['Germany', 'Canada', 'United States']","['Robert De Niro', 'Edward Norton', 'Marlon Brando', 'Angela Bassett', 'Gary Farmer', 'Paul Soles', 'Jamie Harrold', 'Serge Houde']",['Frank Oz']
s2933,Movie,Icarus,Bryan Fogel,"Bryan Fogel, Grigory Rodchenkov",United States,"August 4, 2017",TV-MA,121 min,"Documentaries, Sports Movies",An American filmmaker and cyclist unwittingly wades into a global scandal when a Russian scientist leaks shocking details of a vast doping conspiracy.,2017,,,121,minutes,['Movie'],['United States'],"['Bryan Fogel', 'Grigory Rodchenkov']",['Bryan Fogel']
s2813,Movie,Horse Girl,Jeff Baena,"Alison Brie, Debby Ryan, Paul Reiser, John Reynolds, Molly Shannon, John Ortiz, Meredith Hagner, Jake Picking, David Paymer, Jay Duplass",United States,"February 7, 2020",R,104 min,"Dramas, Independent Movies","A sweet misfit with a fondness for crafts, horses and supernatural crime shows finds her increasingly lucid dreams trickling into her waking life.",2020,,,104,minutes,['Movie'],['United States'],"['Alison Brie', 'Debby Ryan', 'Paul Reiser', 'John Reynolds', 'Molly Shannon', 'John Ortiz', 'Meredith Hagner', 'Jake Picking', 'David Paymer', 'Jay Duplass']",['Jeff Baena']
s1104,TV Show,Bright: The Music Videos,David Ayer,"Bastille, Machine Gun Kelly, Bebe Rexha, X Ambassadors, Logic, Rag’n’Bone Man",,"November 23, 2017",TV-MA,1 Season,TV Shows,"Explore the hit songs from the Will Smith film ""Bright"" in these music videos from Machine Gun Kelly, Bastille, Logic, Migos and friends.",2017,,,1,seasons,['TV Show'],[],"['Bastille', 'Machine Gun Kelly', 'Bebe Rexha', 'X Ambassadors', 'Logic', 'Rag’n’Bone Man']",['David Ayer']
s2448,Movie,Go! Go! Cory Carson: The Chrissy,"Alex Woo, Stanley Moore","Alan C. Lim, Maisie Benson, Kerry Gudjohnsen, Terrance Smith, Paul Killam, Omari Weaver, Ella Joy Ballesteros, Smith Foreman, Stanley Moore",United States,"May 1, 2020",TV-Y,42 min,Children & Family Movies,"The Carson kids win a talent show with a dance that Cory created. But when ""The Chrissy"" catches on, his little sister gets all of the attention.",2020,,,42,minutes,['Movie'],['United States'],"['Alan C. Lim', 'Maisie Benson', 'Kerry Gudjohnsen', 'Terrance Smith', 'Paul Killam', 'Omari Weaver', 'Ella Joy Ballesteros', 'Smith Foreman', 'Stanley Moore']","['Alex Woo', 'Stanley Moore']"
s2355,Movie,Gardeners of Eden,"Austin Peck, Anneliese Vandenberg","Kristin Davis, Daphne Sheldrick, Nick Trent, Julious Shivenga, Benjamin Kyalo","Kenya, United States","February 6, 2020",TV-14,70 min,Documentaries,"As corrupt governments fail to stop the slaughter of elephants for ivory, an 80-year-old woman and a crew of rangers bravely try to end the poaching.",2020,,,70,minutes,['Movie'],"['Kenya', 'United States']","['Kristin Davis', 'Daphne Sheldrick', 'Nick Trent', 'Julious Shivenga', 'Benjamin Kyalo']","['Austin Peck', 'Anneliese Vandenberg']"
s7459,Movie,Waiting,Anu Menon,"Naseeruddin Shah, Kalki Koechlin, Rajat Kapoor, Rajeev Ravindranathan, Ratnabali Bhattacharjee, Suhasini, Arjun Mathur",India,"May 1, 2018",TV-MA,94 min,"Dramas, International Movies","While visiting his comatose wife in the hospital, a serene old professor befriends a vibrant young woman whose husband has also fallen into a coma.",2018,,,94,minutes,['Movie'],['India'],"['Naseeruddin Shah', 'Kalki Koechlin', 'Rajat Kapoor', 'Rajeev Ravindranathan', 'Ratnabali Bhattacharjee', 'Suhasini', 'Arjun Mathur']",['Anu Menon']
s3571,Movie,Legend of the Guardians: The Owls of Ga'Hoole,Zack Snyder,"Helen Mirren, Geoffrey Rush, Jim Sturgess, Hugo Weaving, Emily Barclay, Abbie Cornish, Ryan Kwanten, Anthony LaPaglia, Miriam Margolyes, Sam Neill","United States, Australia","January 1, 2020",PG,97 min,Children & Family Movies,"Soren, a barn owl kidnapped from his peaceful forest home, is brought to an orphanage where he must train to become a soldier.",2020,,,97,minutes,['Movie'],"['United States', 'Australia']","['Helen Mirren', 'Geoffrey Rush', 'Jim Sturgess', 'Hugo Weaving', 'Emily Barclay', 'Abbie Cornish', 'Ryan Kwanten', 'Anthony LaPaglia', 'Miriam Margolyes', 'Sam Neill']",['Zack Snyder']
s602,Movie,Asphalt Burning,Hallvard Bræin,"Anders Baasmo, Kathrine Thorborg Johansen, Ida Husøy, Otto Jespersen, Sven Nordin, Trond Halbo, Alexandra Maria Lara, Wenche Myhre, Kostja Ullmann, Björn Kjellman",Norway,"January 2, 2021",TV-14,101 min,"Action & Adventure, Comedies, International Movies","When the brakes slam on his wedding, Roy accepts a challenge from a new foe to race for his runaway bride at the iconic Nürburgring track in Germany.",2021,,,101,minutes,['Movie'],['Norway'],"['Anders Baasmo', 'Kathrine Thorborg Johansen', 'Ida Husøy', 'Otto Jespersen', 'Sven Nordin', 'Trond Halbo', 'Alexandra Maria Lara', 'Wenche Myhre', 'Kostja Ullmann', 'Björn Kjellman']",['Hallvard Bræin']
s3525,Movie,Lakshya,Farhan Akhtar,"Amitabh Bachchan, Hrithik Roshan, Preity Zinta, Om Puri, Sharad Kapoor, Rajendranath Zutshi, Sushant Singh, Prashant Chainani, Shakeel Khan, Ranvir Shorey",India,"December 15, 2019",TV-PG,185 min,"Action & Adventure, Dramas, International Movies","After dropping out of the army, a spoiled teenager reenlists and proves his mettle by becoming an officer just as war breaks out.",2019,,,185,minutes,['Movie'],['India'],"['Amitabh Bachchan', 'Hrithik Roshan', 'Preity Zinta', 'Om Puri', 'Sharad Kapoor', 'Rajendranath Zutshi', 'Sushant Singh', 'Prashant Chainani', 'Shakeel Khan', 'Ranvir Shorey']",['Farhan Akhtar']
s3155,Movie,Jerry Seinfeld: 23 Hours To Kill,Joe DeMaio,Jerry Seinfeld,United States,"May 5, 2020",TV-PG,61 min,Stand-Up Comedy,"Jerry Seinfeld takes the stage in New York and tackles talking vs. texting, bad buffets vs. so-called ""great"" restaurants and the magic of Pop Tarts.",2020,,,61,minutes,['Movie'],['United States'],['Jerry Seinfeld'],['Joe DeMaio']
s1783,Movie,Dismissed,Benjamin Arfmann,"Kent Osborne, Dylan Sprouse, Rae Gray, Alycia Delmore, Robert Longstreet, Chris Bauer, Randall Park, Mitchell Edwards, Victoria Zeutzius, Leslie Thurston, Matthew J. Evans",United States,"February 19, 2018",TV-14,87 min,Thrillers,An intelligent but intense honor student traumatizes his high school teacher and mentor when he doesn't get the grade he believes he deserves.,2018,,,87,minutes,['Movie'],['United States'],"['Kent Osborne', 'Dylan Sprouse', 'Rae Gray', 'Alycia Delmore', 'Robert Longstreet', 'Chris Bauer', 'Randall Park', 'Mitchell Edwards', 'Victoria Zeutzius', 'Leslie Thurston', 'Matthew J. Evans']",['Benjamin Arfmann']
s7662,TV Show,Word Party Songs,,,United States,"August 7, 2020",TV-Y,1 Season,Kids' TV,"Sing along and dance with Bailey, Franny, Kip, Lulu and Tilly in this collection of music videos that will get you in the mood to move and groove!",2020,,,1,seasons,['TV Show'],['United States'],[],[]
s2522,Movie,Grass Is Greener,Fab Five Freddie,,,"April 20, 2019",TV-MA,98 min,Documentaries,It lit up jazz and hip-hop – and ignited a war on drugs steeped in racial injustice. Experts explore America's complicated relationship with weed.,2019,,,98,minutes,['Movie'],[],[],['Fab Five Freddie']
s3652,Movie,Lionheart,Genevieve Nnaji,"Genevieve Nnaji, Nkem Owoh, Pete Edochie, Onyeka Onwenu, Kanayo O. Kanayo",Nigeria,"January 4, 2019",TV-PG,95 min,"Comedies, Dramas, Independent Movies","When her father falls ill, Adaeze steps up to run the family business – alongside her uncle – and prove herself in a male-dominated world.",2019,,,95,minutes,['Movie'],['Nigeria'],"['Genevieve Nnaji', 'Nkem Owoh', 'Pete Edochie', 'Onyeka Onwenu', 'Kanayo O. Kanayo']",['Genevieve Nnaji']
s3419,TV Show,Kitten Rescuers,,Jo Brand,United Kingdom,"October 2, 2019",TV-14,1 Season,"British TV Shows, International TV Shows, Reality TV",Cat-crazy host Jo Brand follows vets and animal welfare officers who take on daring rescues to save furry felines subjected to different cat-astrophes.,2019,,,1,seasons,['TV Show'],['United Kingdom'],['Jo Brand'],[]
s3839,TV Show,Mad Men,,"Jon Hamm, Elisabeth Moss, Vincent Kartheiser, January Jones, Christina Hendricks, Aaron Staton, Rich Sommer, John Slattery, Kiernan Shipka, Robert Morse, Michael Gladis, Christopher Stanley, Bryan Batt, Jared Harris, Jessica Paré, Alison Brie, Jay R. Ferguson, Ben Feldman, Mark Moses, Alexa Alemanni, Julie McNiven",United States," March 22, 2015",TV-14,7 Seasons,TV Dramas,"Set in 1960s New York City, this award-winning series takes a peek inside an ad agency during an era when the cutthroat business had a glamorous lure.",2015,,,7,seasons,['TV Show'],['United States'],"['Jon Hamm', 'Elisabeth Moss', 'Vincent Kartheiser', 'January Jones', 'Christina Hendricks', 'Aaron Staton', 'Rich Sommer', 'John Slattery', 'Kiernan Shipka', 'Robert Morse', 'Michael Gladis', 'Christopher Stanley', 'Bryan Batt', 'Jared Harris', 'Jessica Paré', 'Alison Brie', 'Jay R. Ferguson', 'Ben Feldman', 'Mark Moses', 'Alexa Alemanni', 'Julie McNiven']",[]
s2886,Movie,I Am,Onir,"Juhi Chawla, Rahul Bose, Nandita Das, Sanjay Suri, Manisha Koirala, Purab Kohli, Shernaz Patel, Abhimanyu Singh, Arjun Mathur, Radhika Apte","India, Japan","March 4, 2019",TV-MA,106 min,"Dramas, Independent Movies, International Movies","Four individuals in modern India grapple with their identities amid social taboos, trauma and brutal sexual discrimination in this quartet of stories.",2019,,,106,minutes,['Movie'],"['India', 'Japan']","['Juhi Chawla', 'Rahul Bose', 'Nandita Das', 'Sanjay Suri', 'Manisha Koirala', 'Purab Kohli', 'Shernaz Patel', 'Abhimanyu Singh', 'Arjun Mathur', 'Radhika Apte']",['Onir']
s252,Movie,A Wednesday,Neeraj Pandey,"Anupam Kher, Naseeruddin Shah, Jimmy Shergill, Deepal Shaw, Aamir Bashir, Kali Prasad Mukherjee, Vijay Bhatia, Chetan Pandit",India,"November 1, 2018",TV-MA,103 min,"Action & Adventure, Dramas, International Movies","After receiving an anonymous tip about a bomb, a police commissioner must negotiate with the terrorist, who demands the release of four militants.",2018,,,103,minutes,['Movie'],['India'],"['Anupam Kher', 'Naseeruddin Shah', 'Jimmy Shergill', 'Deepal Shaw', 'Aamir Bashir', 'Kali Prasad Mukherjee', 'Vijay Bhatia', 'Chetan Pandit']",['Neeraj Pandey']
s966,TV Show,Black Spot,,"Suliane Brahim, Hubert Delattre, Laurent Capelluto, Samuel Jouy, Renaud Rutten, Camille Aguilar, Tiphaine Daviot, Naidra Ayadi, Brigitte Sy, Anne Suarez, Dan Herzberg, Olivier Bonjour, Thomas Doret","France, Belgium","June 14, 2019",TV-MA,2 Seasons,"Crime TV Shows, International TV Shows, TV Dramas",A police chief and an eccentric new prosecutor investigate a string of grisly crimes and eerie phenomena in an isolated town at the edge of a forest.,2019,,,2,seasons,['TV Show'],"['France', 'Belgium']","['Suliane Brahim', 'Hubert Delattre', 'Laurent Capelluto', 'Samuel Jouy', 'Renaud Rutten', 'Camille Aguilar', 'Tiphaine Daviot', 'Naidra Ayadi', 'Brigitte Sy', 'Anne Suarez', 'Dan Herzberg', 'Olivier Bonjour', 'Thomas Doret']",[]
s497,Movie,An Ordinary Man,Brad Silberling,"Ben Kingsley, Hera Hilmar, Peter Serafinowicz","Serbia, United States","October 1, 2020",R,91 min,"Dramas, Thrillers","A war criminal in hiding begins to suspect that the maid, his only confidant and contact with the outside world, may be hiding something herself.",2020,,,91,minutes,['Movie'],"['Serbia', 'United States']","['Ben Kingsley', 'Hera Hilmar', 'Peter Serafinowicz']",['Brad Silberling']
s3323,Movie,Katt Williams: Great America,,Katt Williams,United States,"January 16, 2018",TV-MA,60 min,Stand-Up Comedy,"The King of underground comedy delivers unflinching riffs on the American political climate, racial tensions, sex and his disdain for roast beef.",2018,,,60,minutes,['Movie'],['United States'],['Katt Williams'],[]
s1019,TV Show,Bobby Kennedy for President,Dawn Porter,Robert F. Kennedy,,"April 27, 2018",TV-MA,1 Season,Docuseries,"Historic footage and leading voices of the era examine the ""Bobby Phenomenon"" of the 1960s and the legacy of the man who helped redefine the country.",2018,,,1,seasons,['TV Show'],[],['Robert F. Kennedy'],['Dawn Porter']
s1863,Movie,Dream Big: Engineering Our World,Greg MacGillivray,Jeff Bridges,United States,"July 1, 2018",TV-G,42 min,Documentaries,"Narrated by Jeff Bridges, this compelling documentary examines some incredible achievements of engineering from across the globe.",2018,,,42,minutes,['Movie'],['United States'],['Jeff Bridges'],['Greg MacGillivray']
s1545,Movie,Cristina,Michèle Ohayon,,United States,"July 4, 2019",TV-14,40 min,Documentaries,"In this short documentary, 37-year-old Cristina valiantly battles cancer while doing all she can to encourage others to live in the moment.",2019,,,40,minutes,['Movie'],['United States'],[],['Michèle Ohayon']
s2756,Movie,Hit & Run,"David Palmer, Dax Shepard","Kristen Bell, Dax Shepard, Kristin Chenoweth, Tom Arnold, Bradley Cooper, Jess Rowland, Ryan Hansen, Beau Bridges, Michael Rosenbaum, David Koechner, Joy Bryant",United States,"November 8, 2019",R,100 min,"Action & Adventure, Comedies, Romantic Movies","Determined to get his fiancée to L.A. to take advantage of an amazing opportunity, Charlie breaks out of the witness protection program to drive her.",2019,,,100,minutes,['Movie'],['United States'],"['Kristen Bell', 'Dax Shepard', 'Kristin Chenoweth', 'Tom Arnold', 'Bradley Cooper', 'Jess Rowland', 'Ryan Hansen', 'Beau Bridges', 'Michael Rosenbaum', 'David Koechner', 'Joy Bryant']","['David Palmer', 'Dax Shepard']"
s2128,Movie,Fate/Grand Order -First Order-,Hitoshi Namba,"Nobunaga Shimazaki, Rie Takahashi, Ayako Kawasumi, Madoka Yonezawa, Kenichi Suzumura, Tomokazu Sugita",Japan,"September 1, 2020",TV-14,72 min,"Action & Adventure, Anime Features, International Movies","Discovering that humanity is facing extinction, a new recruit to the Chaldea Security Organization goes back in time in order to save the future.",2020,,,72,minutes,['Movie'],['Japan'],"['Nobunaga Shimazaki', 'Rie Takahashi', 'Ayako Kawasumi', 'Madoka Yonezawa', 'Kenichi Suzumura', 'Tomokazu Sugita']",['Hitoshi Namba']
s5609,Movie,Sillu Karuppatti,Halitha Shameem,"Nivedhithaa Sathish, Leela Samson, Samuthirakani, Sunaina, Manikandan",India,"January 26, 2020",TV-14,133 min,"Comedies, Dramas, Independent Movies","From first crushes to post-marriage relationships, love and connection are at the heart of the four interwoven stories in this anthology film.",2020,,,133,minutes,['Movie'],['India'],"['Nivedhithaa Sathish', 'Leela Samson', 'Samuthirakani', 'Sunaina', 'Manikandan']",['Halitha Shameem']
s6479,TV Show,The Iliza Shlesinger Sketch Show,,"Ilana Becker, Kerry Coddett, Tarik Davis, Matthew Dellapina, David Ebert, Stink Fisher, Iliana Inocencio, Iliza Shlesinger",United States,"April 1, 2020",TV-MA,1 Season,TV Comedies,"From the mind of comedian Iliza Shlesinger comes a fun, irreverent mix of kooky characters, sly social commentary and pop culture gags.",2020,,,1,seasons,['TV Show'],['United States'],"['Ilana Becker', 'Kerry Coddett', 'Tarik Davis', 'Matthew Dellapina', 'David Ebert', 'Stink Fisher', 'Iliana Inocencio', 'Iliza Shlesinger']",[]
s3478,Movie,Kya Kehna,Kundan Shah,"Preity Zinta, Saif Ali Khan, Anupam Kher, Farida Jalal, Chandrachur Singh",India,"April 1, 2018",TV-PG,149 min,"Dramas, International Movies, Romantic Movies",A young university student's world is shaken after her brief involvement with a wealthy playboy results in her pregnancy.,2018,,,149,minutes,['Movie'],['India'],"['Preity Zinta', 'Saif Ali Khan', 'Anupam Kher', 'Farida Jalal', 'Chandrachur Singh']",['Kundan Shah']
s5595,Movie,Si Doel the Movie 3,Rano Karno,"Rano Karno, Cornelia Agatha, Maudy Koesnaedi, Suty Karno, Mandra Naih, Aminah Tjendrakasih, Rey Bong, Akhmad Zulhoir Mardia",Indonesia,"May 23, 2020",TV-G,93 min,"Dramas, International Movies, Music & Musicals","Torn between reuniting with one family and leaving another behind, Doel must choose between the two women he loves.",2020,,,93,minutes,['Movie'],['Indonesia'],"['Rano Karno', 'Cornelia Agatha', 'Maudy Koesnaedi', 'Suty Karno', 'Mandra Naih', 'Aminah Tjendrakasih', 'Rey Bong', 'Akhmad Zulhoir Mardia']",['Rano Karno']
s7400,TV Show,VeggieTales in the House,,"Phil Vischer, Mike Nawrocki, Rob Paulsen, Tress MacNeille",United States,"September 23, 2016",TV-Y,4 Seasons,Kids' TV,"Bob the Tomato, Larry the Cucumber and their Veggie pals venture beyond the kitchen counter in these playful adventures with Christian themes.",2016,,,4,seasons,['TV Show'],['United States'],"['Phil Vischer', 'Mike Nawrocki', 'Rob Paulsen', 'Tress MacNeille']",[]
s2689,Movie,Hell and Back,"Tom Gianas, Ross R. Shuman","Nick Swardson, Mila Kunis, Bob Odenkirk, T.J. Miller, Rob Riggle, Susan Sarandon, Danny McBride, Jennifer Coolidge, John Farley, Maria Bamford",United States,"September 6, 2018",R,86 min,"Action & Adventure, Comedies, Independent Movies","When best friends break a blood oath, one of them is cast away to hell, and the other two must save him from the misfits of the underworld.",2018,,,86,minutes,['Movie'],['United States'],"['Nick Swardson', 'Mila Kunis', 'Bob Odenkirk', 'T.J. Miller', 'Rob Riggle', 'Susan Sarandon', 'Danny McBride', 'Jennifer Coolidge', 'John Farley', 'Maria Bamford']","['Tom Gianas', 'Ross R. Shuman']"
s5218,Movie,Rise of the Zombie,"Devaki Singh, Luke Kenny","Luke Kenny, Kirti Kulhari, Ashwin Mushran, Benjamin Gilani",India,"December 15, 2017",TV-MA,83 min,"Horror Movies, International Movies","A heartbroken wildlife photographer throws himself into his work, only to find himself experiencing strange transformations.",2017,,,83,minutes,['Movie'],['India'],"['Luke Kenny', 'Kirti Kulhari', 'Ashwin Mushran', 'Benjamin Gilani']","['Devaki Singh', 'Luke Kenny']"
s1942,Movie,Ekşi Elmalar,Yılmaz Erdoğan,"Yılmaz Erdoğan, Farah Zeynep Abdullah, Songül Öden, Şükran Ovalı, Devrim Yakut, Şükrü Özyıldız, Fatih Artman, Cezmi Baskın, Caner Cindoruk, Ersin Korkut",Turkey,"April 29, 2020",TV-PG,109 min,"Dramas, International Movies","In an eastern Turkish town, suitors knock on the door of the mayor and father of three beautiful daughters who choose to follow their own paths.",2020,,,109,minutes,['Movie'],['Turkey'],"['Yılmaz Erdoğan', 'Farah Zeynep Abdullah', 'Songül Öden', 'Şükran Ovalı', 'Devrim Yakut', 'Şükrü Özyıldız', 'Fatih Artman', 'Cezmi Baskın', 'Caner Cindoruk', 'Ersin Korkut']",['Yılmaz Erdoğan']
s66,Movie,13 Sins,Daniel Stamm,"Mark Webber, Rutina Wesley, Devon Graye, Tom Bower, Ron Perlman, Pruitt Taylor Vince",United States,"January 13, 2019",R,93 min,"Horror Movies, Thrillers","A man agrees to appear on a game show with a $6 million prize. But as the challenges become more extreme, he realizes he's made a grave mistake.",2019,,,93,minutes,['Movie'],['United States'],"['Mark Webber', 'Rutina Wesley', 'Devon Graye', 'Tom Bower', 'Ron Perlman', 'Pruitt Taylor Vince']",['Daniel Stamm']
s7773,Movie,Zipi & Zape y la Isla del Capitan,Oskar Santos,"Teo Planell, Toni Gómez, Elena Anaya, Iria Castellano, Máximo Pastor, Ana Blanco de Córdova, Fermí Reixach, Jorge Bosch, Carolina Lapausa, Goizalde Núñez, Juan Codina",Spain,"July 1, 2017",TV-PG,105 min,"Children & Family Movies, Comedies","At Christmas, Zip and Zap take a trip with their parents to a remote island, where a friendly woman runs a children's home and mystery awaits.",2017,,,105,minutes,['Movie'],['Spain'],"['Teo Planell', 'Toni Gómez', 'Elena Anaya', 'Iria Castellano', 'Máximo Pastor', 'Ana Blanco de Córdova', 'Fermí Reixach', 'Jorge Bosch', 'Carolina Lapausa', 'Goizalde Núñez', 'Juan Codina']",['Oskar Santos']
s2454,Movie,God of War,Gordon Chan,"Vincent Zhao, Sammo Kam-Bo Hung, Regina Wan, Yasuaki Kurata, Keisuke Koide, Timmy Hung, Michael Tong","China, Hong Kong","December 16, 2017",NR,129 min,"Action & Adventure, International Movies",A maverick leader and a clever young general take on Japanese pirates amid bureaucratic intrigue in Ming Dynasty China.,2017,,,129,minutes,['Movie'],"['China', 'Hong Kong']","['Vincent Zhao', 'Sammo Kam-Bo Hung', 'Regina Wan', 'Yasuaki Kurata', 'Keisuke Koide', 'Timmy Hung', 'Michael Tong']",['Gordon Chan']
s2772,TV Show,Holiday Home Makeover with Mr. Christmas,,Benjamin Bradley,United States,"November 18, 2020",TV-G,1 Season,Reality TV,"Interior designer Benjamin “Mr. Christmas” Bradley works with a trusty team of ""elves” to help families transform their homes for the holidays.",2020,,,1,seasons,['TV Show'],['United States'],['Benjamin Bradley'],[]
s6473,Movie,The Hundred-Foot Journey,Lasse Hallström,"Helen Mirren, Om Puri, Manish Dayal, Charlotte Le Bon, Amit Shah, Farzana Dua Elahe, Dillon Mitra, Aria Pandya","United States, India, United Arab Emirates","January 31, 2019",PG,123 min,"Comedies, Dramas","A chef and his family leave India to open an eatery in the south of France, where they clash with the haughty restaurateur across the street.",2019,,,123,minutes,['Movie'],"['United States', 'India', 'United Arab Emirates']","['Helen Mirren', 'Om Puri', 'Manish Dayal', 'Charlotte Le Bon', 'Amit Shah', 'Farzana Dua Elahe', 'Dillon Mitra', 'Aria Pandya']",['Lasse Hallström']
s958,Movie,Black Mirror: Bandersnatch,,"Fionn Whitehead, Will Poulter, Craig Parkinson, Alice Lowe, Asim Chaudhry",United States,"December 28, 2018",TV-MA,312 min,"Dramas, International Movies, Sci-Fi & Fantasy","In 1984, a young programmer begins to question reality as he adapts a dark fantasy novel into a video game. A mind-bending tale with multiple endings.",2018,,,312,minutes,['Movie'],['United States'],"['Fionn Whitehead', 'Will Poulter', 'Craig Parkinson', 'Alice Lowe', 'Asim Chaudhry']",[]
s5153,Movie,ReMastered: The Two Killings of Sam Cooke,Kelly Duane de la Vega,Sam Cooke,United States,"February 8, 2019",TV-MA,74 min,"Documentaries, Music & Musicals","While Sam Cooke rose to stardom as a soul singer, his outspoken views on civil rights drew attention that may have contributed to his death at age 33.",2019,,,74,minutes,['Movie'],['United States'],['Sam Cooke'],['Kelly Duane de la Vega']
s4044,TV Show,Mere Papa Hero Hiralal,,"Sarwar Ahuja, Riva Arora",,"May 1, 2018",TV-14,1 Season,"International TV Shows, TV Dramas","A simple auto-rickshaw driver on the streets of Lucknow, Hiralal Tiwari does everything he can to give his gravely ill daughter a happy life.",2018,,,1,seasons,['TV Show'],[],"['Sarwar Ahuja', 'Riva Arora']",[]
s1965,Movie,El sendero de la anaconda,Alessandro Angulo,"Wade Davis, Martin von Hildebrand",Colombia,"November 15, 2019",TV-14,74 min,"Documentaries, International Movies","In the most remote areas of the Amazon jungle, a writer and his anthropologist friend meet communities who have resisted change for centuries.",2019,,,74,minutes,['Movie'],['Colombia'],"['Wade Davis', 'Martin von Hildebrand']",['Alessandro Angulo']
s1336,TV Show,Children of the Whales,,"Natsuki Hanae, Manaka Iwami, Yuuichirou Umehara, Nobunaga Shimazaki, Mikako Komatsu, Daiki Yamashita, Hiroshi Kamiya",Japan,"March 13, 2018",TV-14,1 Season,"Anime Series, International TV Shows","As a magic wielder, young archivist Chakuro knows his time is short, but everything changes when a girl from the outside appears on his island.",2018,,,1,seasons,['TV Show'],['Japan'],"['Natsuki Hanae', 'Manaka Iwami', 'Yuuichirou Umehara', 'Nobunaga Shimazaki', 'Mikako Komatsu', 'Daiki Yamashita', 'Hiroshi Kamiya']",[]
s1147,Movie,Burning Cane,Phillip Youmans,"Wendell Pierce, Karen Kaia Livers, Dominique McClellan, Braelyn Kelly, Emyri Crutchfield, Cynthia Capers, Erika Woods",United States,"November 6, 2019",TV-MA,78 min,Dramas,"A small-town Louisiana minister and one of his parishioners cope with grief, alcoholism and a crisis of faith in this dramatic character study.",2019,,,78,minutes,['Movie'],['United States'],"['Wendell Pierce', 'Karen Kaia Livers', 'Dominique McClellan', 'Braelyn Kelly', 'Emyri Crutchfield', 'Cynthia Capers', 'Erika Woods']",['Phillip Youmans']
s3796,Movie,Loving is Losing,Fernando Ayllón,"Ricardo Quevedo, Liss Pereira, Iván Marín, Lorna Cepeda, Carolina Sarmiento, Linda Baldrich, Joavany Álvarez, María Cecilia Botero, Rocío Tavera, Bruno Díaz",Colombia,"April 26, 2019",TV-MA,91 min,"Comedies, International Movies, Romantic Movies","When a newly single photographer is forced to work with a longtime rival, the battle of their egos turns into a chance for love.",2019,,,91,minutes,['Movie'],['Colombia'],"['Ricardo Quevedo', 'Liss Pereira', 'Iván Marín', 'Lorna Cepeda', 'Carolina Sarmiento', 'Linda Baldrich', 'Joavany Álvarez', 'María Cecilia Botero', 'Rocío Tavera', 'Bruno Díaz']",['Fernando Ayllón']
s2288,Movie,Friend Request,Simon Verhoeven,"Alycia Debnam-Carey, William Moseley, Connor Paolo, Brit Morgan, Brooke Markham, Sean Marquette, Liesl Ahlers, Shashawnee Hall, Susan Danford",Germany,"April 18, 2018",R,92 min,"Horror Movies, International Movies",A popular college student's love of social media becomes her biggest regret when a mysterious account marks each of her friends for a grisly demise.,2018,,,92,minutes,['Movie'],['Germany'],"['Alycia Debnam-Carey', 'William Moseley', 'Connor Paolo', 'Brit Morgan', 'Brooke Markham', 'Sean Marquette', 'Liesl Ahlers', 'Shashawnee Hall', 'Susan Danford']",['Simon Verhoeven']
s1200,Movie,Candyflip,Shanawaz Nellikunnil,"Prashant Prakash, Kalki Koechlin, Prakash Raj, Gulshan Devaiah, Valeriya Polyanychko",India,"February 15, 2019",TV-MA,104 min,"Dramas, Independent Movies, International Movies","On the incandescent shores of Goa, a young man tumbles down a mind-bending – and soon dangerous – series of trips after taking hallucinatory drugs.",2019,,,104,minutes,['Movie'],['India'],"['Prashant Prakash', 'Kalki Koechlin', 'Prakash Raj', 'Gulshan Devaiah', 'Valeriya Polyanychko']",['Shanawaz Nellikunnil']
s3860,Movie,Magnificent,Vikas Bahl,"Shahid Kapoor, Alia Bhatt, Pankaj Kapur, Sanjay Kapoor, Sushma Seth, Niki Walia, Sanah Kapur, Vikas Verma",India,"April 1, 2020",TV-14,143 min,"Comedies, International Movies, Romantic Movies",An industrialist's daughter is forced to marry a rich heir by her greedy grandmother as her adopted sister bonds with the charismatic wedding planner.,2020,,,143,minutes,['Movie'],['India'],"['Shahid Kapoor', 'Alia Bhatt', 'Pankaj Kapur', 'Sanjay Kapoor', 'Sushma Seth', 'Niki Walia', 'Sanah Kapur', 'Vikas Verma']",['Vikas Bahl']
s6152,Movie,The Body Remembers When the World Broke Open,"Elle-Máijá Tailfeathers, Kathleen Hepburn","Violet Nelson, Elle-Máijá Tailfeathers, Charlie Hannah, Barbara Eve Harris, Sonny Surowiec, Jay Cardinal Villeneuve, Tony Massil, Aidan Dee, James Angus Cowan, Anthony Bolognese","Canada, Norway","November 27, 2019",TV-MA,106 min,"Dramas, Independent Movies","After a traumatic event, two Indigenous women in Vancouver are brought together and form a deep bond despite leading different lives.",2019,,,106,minutes,['Movie'],"['Canada', 'Norway']","['Violet Nelson', 'Elle-Máijá Tailfeathers', 'Charlie Hannah', 'Barbara Eve Harris', 'Sonny Surowiec', 'Jay Cardinal Villeneuve', 'Tony Massil', 'Aidan Dee', 'James Angus Cowan', 'Anthony Bolognese']","['Elle-Máijá Tailfeathers', 'Kathleen Hepburn']"
s5071,Movie,Rain Man,Barry Levinson,"Dustin Hoffman, Tom Cruise, Valeria Golino, Gerald R. Molen, Jack Murdock, Michael D. Roberts, Ralph Seymour, Lucinda Jenney, Bonnie Hunt",United States,"July 1, 2019",R,134 min,"Classic Movies, Dramas","A fast-talking yuppie is forced to slow down when he meets the brother he never knew he had, an unusually gifted autistic savant named Raymond.",2019,,,134,minutes,['Movie'],['United States'],"['Dustin Hoffman', 'Tom Cruise', 'Valeria Golino', 'Gerald R. Molen', 'Jack Murdock', 'Michael D. Roberts', 'Ralph Seymour', 'Lucinda Jenney', 'Bonnie Hunt']",['Barry Levinson']
s677,TV Show,Back Street Girls -GOKUDOLS-,,"Daisuke Ono, Satoshi Hino, Kazuyuki Okitsu, Yuka Nukui, Kaori Maeda, Hikaru Akao, Junichi Suwabe, Keiji Fujiwara",Japan,"December 12, 2018",TV-MA,1 Season,"Anime Series, International TV Shows","To pay for an epic blunder, three yakuza brothers are forced to alter their bodies, form a girl group and break into the underground J-Pop idol scene.",2018,,,1,seasons,['TV Show'],['Japan'],"['Daisuke Ono', 'Satoshi Hino', 'Kazuyuki Okitsu', 'Yuka Nukui', 'Kaori Maeda', 'Hikaru Akao', 'Junichi Suwabe', 'Keiji Fujiwara']",[]
s4546,TV Show,Nowhere Man,DJ Chen,"Alyssa Chia, Mavis Fan, Joseph Chang, Wang Po-chieh, Jeremiah Zhang, Chou Min-fu, Greg Hsu, Kuo Tze-cheng, Shen Hai-jung, Lu Yi-long",Taiwan,"October 31, 2019",TV-MA,1 Season,"Crime TV Shows, International TV Shows, TV Action & Adventure","Two nefarious schemes taking place 10 years apart entangle a dauntless triad member, who must break out of prison to rescue a loved one.",2019,,,1,seasons,['TV Show'],['Taiwan'],"['Alyssa Chia', 'Mavis Fan', 'Joseph Chang', 'Wang Po-chieh', 'Jeremiah Zhang', 'Chou Min-fu', 'Greg Hsu', 'Kuo Tze-cheng', 'Shen Hai-jung', 'Lu Yi-long']",['DJ Chen']
s1594,Movie,Dancing with the Birds,Huw Cordey,Stephen Fry,United States,"October 23, 2019",TV-PG,52 min,Documentaries,"From ruffling their majestic feathers to nailing im-peck-able courtship routines, birds in paradise flaunt their best moves in hopes of landing a mate.",2019,,,52,minutes,['Movie'],['United States'],['Stephen Fry'],['Huw Cordey']
s3827,Movie,Lust Stories,"Zoya Akhtar, Karan Johar, Anurag Kashyap, Dibakar Banerjee","Vicky Kaushal, Bhumi Pednekar, Radhika Apte, Neha Dhupia, Manisha Koirala, Akash Thosar, Randeep Jha, Neil Bhoopalam, Jaideep Ahlawat, Sanjay Kapoor, Kiara Advani",India,"June 15, 2018",TV-MA,121 min,"Comedies, Dramas, International Movies","In the companion to 2013's ""Bombay Talkies,"" four short films by four of India's biggest directors explore love, sex and relationships in modern India.",2018,,,121,minutes,['Movie'],['India'],"['Vicky Kaushal', 'Bhumi Pednekar', 'Radhika Apte', 'Neha Dhupia', 'Manisha Koirala', 'Akash Thosar', 'Randeep Jha', 'Neil Bhoopalam', 'Jaideep Ahlawat', 'Sanjay Kapoor', 'Kiara Advani']","['Zoya Akhtar', 'Karan Johar', 'Anurag Kashyap', 'Dibakar Banerjee']"
s6547,TV Show,The Land of Hypocrisy,,"Mohamed Henedy, Dalal Abdel Aziz, Hana Shiha, Mohammed Tharwat, Salwa Mohammed, Mohammed Hafiz, Ibrahim Issa, Leila Ezz Al Arab, Mohammed Mahmoud",Egypt,"March 13, 2019",TV-14,1 Season,"International TV Shows, TV Comedies, TV Sci-Fi & Fantasy",A hardworking man in a thankless job meets a mysterious doctor who sells him powerful pills that throw his life into disarray.,2019,,,1,seasons,['TV Show'],['Egypt'],"['Mohamed Henedy', 'Dalal Abdel Aziz', 'Hana Shiha', 'Mohammed Tharwat', 'Salwa Mohammed', 'Mohammed Hafiz', 'Ibrahim Issa', 'Leila Ezz Al Arab', 'Mohammed Mahmoud']",[]
s264,Movie,Aşk Tesadüfleri Sever,Ömer Faruk Sorak,"Mehmet Günsür, Belçim Bilgin, Ayda Aksel, Altan Erkekli, Sebnem Sönmez, Hüseyin Avni Danyal, Berna Konur, Ümit Bülent Dinçer",Turkey,"April 4, 2018",TV-MA,122 min,"Dramas, International Movies, Romantic Movies","A series of coincidences brings two star-crossed lovers together, but fate pulls them apart until they encounter each other again in Istanbul.",2018,,,122,minutes,['Movie'],['Turkey'],"['Mehmet Günsür', 'Belçim Bilgin', 'Ayda Aksel', 'Altan Erkekli', 'Sebnem Sönmez', 'Hüseyin Avni Danyal', 'Berna Konur', 'Ümit Bülent Dinçer']",['Ömer Faruk Sorak']
s3935,Movie,Marco Luque: Tamo Junto,Caio Cobra,Marco Luque,Brazil,"June 15, 2017",TV-MA,73 min,Stand-Up Comedy,"Eclectic character comedian Marco Luque plays himself in this stand-up special about relationships, regional differences and his own love of movies.",2017,,,73,minutes,['Movie'],['Brazil'],['Marco Luque'],['Caio Cobra']
s6579,Movie,The Legacy of a Whitetail Deer Hunter,Jody Hill,"Josh Brolin, Danny McBride, Montana Jordan, Scoot McNairy, Carrie Coon",United States,"July 6, 2018",TV-14,83 min,"Action & Adventure, Comedies, Dramas",A star of hunting videos strives to bond with his 12-year-old son on a wilderness trip but learns familial connections can't be forced.,2018,,,83,minutes,['Movie'],['United States'],"['Josh Brolin', 'Danny McBride', 'Montana Jordan', 'Scoot McNairy', 'Carrie Coon']",['Jody Hill']
s1173,Movie,Calibre,Matt Palmer,"Jack Lowden, Martin McCann, Tony Curran, Ian Pirie, Cameron Jack",United Kingdom,"June 29, 2018",TV-MA,101 min,"Dramas, International Movies, Thrillers",Two lifelong friends on a hunting trip in Scotland find their nerves – and their morals – ruthlessly tested after a harrowing turn of events.,2018,,,101,minutes,['Movie'],['United Kingdom'],"['Jack Lowden', 'Martin McCann', 'Tony Curran', 'Ian Pirie', 'Cameron Jack']",['Matt Palmer']
s2887,TV Show,I AM A KILLER,,,United Kingdom,"January 31, 2020",TV-MA,2 Seasons,"British TV Shows, Crime TV Shows, Docuseries",Death row inmates convicted of capital murder give a firsthand account of their crimes in this documentary series.,2020,,,2,seasons,['TV Show'],['United Kingdom'],[],[]
s1415,Movie,Cleopatra Jones,Jack Starrett,"Tamara Dobson, Bernie Casey, BrendaSykes, Esther Rolle, Shelley Winters",United States,"November 1, 2019",PG,89 min,"Action & Adventure, Classic Movies","A stylin' special agent chases down drug lords and does her part to stop trafficking. Soon, she finds herself seeking revenge on a dealer.",2019,,,89,minutes,['Movie'],['United States'],"['Tamara Dobson', 'Bernie Casey', 'BrendaSykes', 'Esther Rolle', 'Shelley Winters']",['Jack Starrett']
s3949,Movie,Marriage Palace,Sunil Thakur,"Sharry Mann, Payal Rajput, Jaswinder Bhalla, B.N. Sharma, Harby Sangha, Nirmal Rishi, Anita Devgan, Rupinder Roopi",India,"August 23, 2019",TV-14,135 min,"Comedies, International Movies","After a young man charms the girl he loves into accepting his proposal, an accidental swap on their wedding day leads him to marry the wrong bride.",2019,,,135,minutes,['Movie'],['India'],"['Sharry Mann', 'Payal Rajput', 'Jaswinder Bhalla', 'B.N. Sharma', 'Harby Sangha', 'Nirmal Rishi', 'Anita Devgan', 'Rupinder Roopi']",['Sunil Thakur']
s3915,Movie,Manorama Six Feet Under,Navdeep Singh,"Abhay Deol, Gul Panag, Raima Sen, Sarika, Kulbhushan Kharbanda, Vinay Pathak, Yana Gupta, Jogi, Brijendra Kala, Nawazuddin Siddiqui",India,"September 28, 2020",TV-14,129 min,"Dramas, International Movies, Thrillers","A government employee and aspiring crime writer, who is under investigation for corruption, is asked by a politician's wife to spy on her husband.",2020,,,129,minutes,['Movie'],['India'],"['Abhay Deol', 'Gul Panag', 'Raima Sen', 'Sarika', 'Kulbhushan Kharbanda', 'Vinay Pathak', 'Yana Gupta', 'Jogi', 'Brijendra Kala', 'Nawazuddin Siddiqui']",['Navdeep Singh']
s545,TV Show,Another Miss Oh,,"Seo Hyun-jin, Eric Moon, Jeon Hye-bin, Ye Ji-won, Kim Ji-seok, Lee Jae-yoon, Lee Han-wi, Kim Mee-kyeong, Oh Man-seok, Lee Pil-mo",South Korea,"October 16, 2019",TV-MA,1 Season,"International TV Shows, Korean TV Shows, Romantic TV Shows","A sound director who suddenly starts getting visions of someone else’s future gets mired in the lives of two women, who happen to share the same name.",2019,,,1,seasons,['TV Show'],['South Korea'],"['Seo Hyun-jin', 'Eric Moon', 'Jeon Hye-bin', 'Ye Ji-won', 'Kim Ji-seok', 'Lee Jae-yoon', 'Lee Han-wi', 'Kim Mee-kyeong', 'Oh Man-seok', 'Lee Pil-mo']",[]
s801,TV Show,Becoming Champions,,,Mexico,"August 1, 2018",TV-G,1 Season,"Docuseries, International TV Shows",This series looks at the stories behind the athletes and countries that have achieved World Cup champion status.,2018,,,1,seasons,['TV Show'],['Mexico'],[],[]
s2465,Movie,Golden Time,Takuya Inaba,,Japan,"November 1, 2017",TV-Y,22 min,"International Movies, Sci-Fi & Fantasy","In the 1980s, a recently discarded television set from the 1960s refuses to accept its fate and tries to break out of the junkyard.",2017,,,22,minutes,['Movie'],['Japan'],[],['Takuya Inaba']
s1010,Movie,Bo Burnham: what.,"Bo Burnham, Christopher Storer",Bo Burnham,United States,"July 1, 2018",TV-MA,60 min,Stand-Up Comedy,Left brain and right brain duke it out – and ultimately belt out a melody – in stand-up comedian Bo Burnham's quick and clever one-man show.,2018,,,60,minutes,['Movie'],['United States'],['Bo Burnham'],"['Bo Burnham', 'Christopher Storer']"
s5671,Movie,Slow Country,Eric Aghimien,"Ivie Okujaye, Sambasa Nzeribe, Tope Tedela, Gina Castel, Majid Michel, Victor Erabie, Brutus Richard, Adebayo Thomas",Nigeria,"December 6, 2019",TV-MA,115 min,"Dramas, International Movies","Desperate to leave a life of prostitution, a teenage mother attempts to outsmart her ruthless boss who is determined to keep his prized asset.",2019,,,115,minutes,['Movie'],['Nigeria'],"['Ivie Okujaye', 'Sambasa Nzeribe', 'Tope Tedela', 'Gina Castel', 'Majid Michel', 'Victor Erabie', 'Brutus Richard', 'Adebayo Thomas']",['Eric Aghimien']
s1430,Movie,"Club de Cuervos Presents: I, Potro",Marcos Bucay,"Joaquín Ferreira, Marcela Álvarez, Benjamín Alfonso, Emilia Claudeville, Mauricio Llera, Sol Gaschetto, Martín Seefeld, Martín Rocco, Gonzalo VIzán","Mexico, Argentina","October 19, 2018",TV-MA,51 min,Movies,Former Club de Cuervos player Potro returns home to Argentina to crash the wedding of his famous soccer-star brother and confront his estranged family.,2018,,,51,minutes,['Movie'],"['Mexico', 'Argentina']","['Joaquín Ferreira', 'Marcela Álvarez', 'Benjamín Alfonso', 'Emilia Claudeville', 'Mauricio Llera', 'Sol Gaschetto', 'Martín Seefeld', 'Martín Rocco', 'Gonzalo VIzán']",['Marcos Bucay']
s539,Movie,Annabelle Hooper and the Ghosts of Nantucket,Paul Serafini,"Bailee Madison, Robert Capron, Rachel Resheff, Mavrick Moreno, Whitney Goin, Gary Weeks, Juliana Harkavy, Kevin B. McGlynn, Jamison Stern, Mia Matthews, Bianca Matthews",United States,"August 1, 2017",TV-PG,92 min,Children & Family Movies,"While vacationing on picturesque Nantucket, a crafty teenage mystery writer contends with two thieves as she tries to solve a ghostly conundrum.",2017,,,92,minutes,['Movie'],['United States'],"['Bailee Madison', 'Robert Capron', 'Rachel Resheff', 'Mavrick Moreno', 'Whitney Goin', 'Gary Weeks', 'Juliana Harkavy', 'Kevin B. McGlynn', 'Jamison Stern', 'Mia Matthews', 'Bianca Matthews']",['Paul Serafini']
s4602,TV Show,Oktoberfest: Beer & Blood,,"Mišel Matičević, Martina Gedeck, Klaus Steinbacher, Mercedes Müller, Maximilian Brückner, Brigitte Hobmeier, Markus Krojer, Martin Feifel, Michael Kranz, Vladimir Burlakov","Germany, Czech Republic","October 1, 2020",TV-MA,1 Season,"International TV Shows, TV Dramas","In 1900 Munich, ambitious brewer Curt Prank uses brutal tactics on his quest to build a beer hall that will dominate the city's lucrative Oktoberfest.",2020,,,1,seasons,['TV Show'],"['Germany', 'Czech Republic']","['Mišel Matičević', 'Martina Gedeck', 'Klaus Steinbacher', 'Mercedes Müller', 'Maximilian Brückner', 'Brigitte Hobmeier', 'Markus Krojer', 'Martin Feifel', 'Michael Kranz', 'Vladimir Burlakov']",[]
s4820,Movie,Penelope,Mark Palansky,"Christina Ricci, James McAvoy, Catherine O'Hara, Peter Dinklage, Simon Woods","United Kingdom, United States","April 1, 2019",PG,89 min,"Children & Family Movies, Comedies, Romantic Movies","In this modern fairy tale, a young woman cursed with the nose of a pig lives her life in seclusion – until an unlikely beau stumbles onto the scene.",2019,,,89,minutes,['Movie'],"['United Kingdom', 'United States']","['Christina Ricci', 'James McAvoy', ""Catherine O'Hara"", 'Peter Dinklage', 'Simon Woods']",['Mark Palansky']
s4093,Movie,Mike Birbiglia: The New One,Seth Barrish,Mike Birbiglia,United States,"November 26, 2019",TV-MA,86 min,Stand-Up Comedy,Comedian Mike Birbiglia hits Broadway with a hilarious yet profound one-man show that recounts his emotional and physical journey to parenthood.,2019,,,86,minutes,['Movie'],['United States'],['Mike Birbiglia'],['Seth Barrish']
s5867,Movie,Suburra,Stefano Sollima,"Pierfrancesco Favino, Elio Germano, Claudio Amendola, Alessandro Borghi, Greta Scarano, Giulia Gorietti, Jean-Hugues Anglade, Antonello Fassari, Lidia Vitale","Italy, France","October 14, 2015",NR,135 min,"Dramas, International Movies, Thrillers",A grueling battle over turning a seaside town near Rome into a gambling paradise exposes criminal rivalries and endemic corruption on a grand scale.,2015,,,135,minutes,['Movie'],"['Italy', 'France']","['Pierfrancesco Favino', 'Elio Germano', 'Claudio Amendola', 'Alessandro Borghi', 'Greta Scarano', 'Giulia Gorietti', 'Jean-Hugues Anglade', 'Antonello Fassari', 'Lidia Vitale']",['Stefano Sollima']
s5156,Movie,ReMastered: Who Shot the Sheriff,Kief Davidson,,United States,"October 12, 2018",TV-14,57 min,"Documentaries, Music & Musicals","In 1976, reggae icon Bob Marley survived an assassination attempt as rival political groups battled in Jamaica. But who exactly was responsible?",2018,,,57,minutes,['Movie'],['United States'],[],['Kief Davidson']
s3444,Movie,Kraftidioten,Hans Petter Moland,"Stellan Skarsgård, Pål Sverre Hagen, Bruno Ganz, Hildegun Riise, Peter Andersson, Birgitte Hjort Sørensen, Jakob Oftebro, Anders Baasmo Christiansen, Jon Øigarden, Gard B. Eidsvold, Kristofer Hivju, Birgitte Hjort Sorensen, Stellan Skarsgard","Norway, Denmark, Sweden","January 5, 2017",TV-MA,117 min,"Comedies, International Movies, Thrillers","When he sets out to avenge his son's murder, mild-mannered snowplow driver Nils sparks a war between a Norwegian mobster and his Serbian rival.",2017,,,117,minutes,['Movie'],"['Norway', 'Denmark', 'Sweden']","['Stellan Skarsgård', 'Pål Sverre Hagen', 'Bruno Ganz', 'Hildegun Riise', 'Peter Andersson', 'Birgitte Hjort Sørensen', 'Jakob Oftebro', 'Anders Baasmo Christiansen', 'Jon Øigarden', 'Gard B. Eidsvold', 'Kristofer Hivju', 'Birgitte Hjort Sorensen', 'Stellan Skarsgard']",['Hans Petter Moland']
s3482,Movie,Kyo Kii... Main Jhuth Nahin Bolta,David Dhawan,"Govinda, Mohnish Bahl, Sharad Kapoor, Satish Kaushik, Anupam Kher, Kiran Kumar, Rambha, Sushmita Sen",India,"May 16, 2019",TV-PG,150 min,"Comedies, International Movies, Sci-Fi & Fantasy",The life and career of a lawyer are thrown into chaos when his son's wish magically renders him incapable of telling a lie.,2019,,,150,minutes,['Movie'],['India'],"['Govinda', 'Mohnish Bahl', 'Sharad Kapoor', 'Satish Kaushik', 'Anupam Kher', 'Kiran Kumar', 'Rambha', 'Sushmita Sen']",['David Dhawan']
s1282,Movie,Charlie's Angels: Full Throttle,McG,"Cameron Diaz, Drew Barrymore, Lucy Liu, Bernie Mac, Crispin Glover, Justin Theroux, Robert Patrick, Demi Moore, Rodrigo Santoro, Shia LaBeouf, Matt LeBlanc, Luke Wilson, John Cleese",United States,"October 1, 2019",PG-13,106 min,"Action & Adventure, Comedies","In this reboot of the TV classic, the Angels are tasked with finding lost rings encoded with the personal information of people in witness protection.",2019,,,106,minutes,['Movie'],['United States'],"['Cameron Diaz', 'Drew Barrymore', 'Lucy Liu', 'Bernie Mac', 'Crispin Glover', 'Justin Theroux', 'Robert Patrick', 'Demi Moore', 'Rodrigo Santoro', 'Shia LaBeouf', 'Matt LeBlanc', 'Luke Wilson', 'John Cleese']",['McG']
s3140,Movie,Jeff Dunham: Unhinged in Hollywood,Michael Simon,Jeff Dunham,United States,"January 1, 2020",TV-MA,71 min,Stand-Up Comedy,Unfiltered ventriloquist Jeff Dunham brings his ragtag crew of puppet pals to Hollywood for big laughs about celebrity culture and California living.,2020,,,71,minutes,['Movie'],['United States'],['Jeff Dunham'],['Michael Simon']
s2143,TV Show,Felipe Esparza: Bad Decisions,,Felipe Esparza,United States,"September 1, 2020",TV-MA,1 Season,"Stand-Up Comedy & Talk Shows, TV Comedies","Two live performances, one in English and one in Spanish. No matter the language, Felipe Esparza is muy muy.",2020,,,1,seasons,['TV Show'],['United States'],['Felipe Esparza'],[]
s3078,TV Show,It's Bruno!,,"Solvan ""Slick"" Naim, Rob Morgan, Shakira Barrera, Jade Eshete, Adriane Lenox, Donnell Rawlings, Eden Marryshow, Sam Eliad, Devale Ellis, J. Ray Acosta",United States,"May 17, 2019",TV-MA,1 Season,TV Comedies,"An old-school Brooklyn native devotes his days to caring for his adorable dog, Bruno – and making sure the neighbors show his pooch the proper respect.",2019,,,1,seasons,['TV Show'],['United States'],"['Solvan ""Slick"" Naim', 'Rob Morgan', 'Shakira Barrera', 'Jade Eshete', 'Adriane Lenox', 'Donnell Rawlings', 'Eden Marryshow', 'Sam Eliad', 'Devale Ellis', 'J. Ray Acosta']",[]
s6685,TV Show,The Mortified Guide,,,United States,"February 14, 2018",TV-MA,1 Season,Docuseries,"Brave people get onstage to read hilarious and humiliating tales of gawky teenage love, family dysfunction and other stories from their younger years.",2018,,,1,seasons,['TV Show'],['United States'],[],[]
s743,Movie,Barbie Star Light Adventure,"Andrew Tan, Michael Goguen","Erica Lindbeck, Robbie Daymond, Kimberly Woods, Sarah Anne Williams, Michael Chandler, Dwight Schultz, Ben Bledsoe, Jonathan Lipow, Lucien Dodge, Laura Post",United States,"October 1, 2017",TV-Y,79 min,Children & Family Movies,"A hoverboard-riding princess of the cosmos, Barbie must band together with a team of talented new friends to save the stars from winking out.",2017,,,79,minutes,['Movie'],['United States'],"['Erica Lindbeck', 'Robbie Daymond', 'Kimberly Woods', 'Sarah Anne Williams', 'Michael Chandler', 'Dwight Schultz', 'Ben Bledsoe', 'Jonathan Lipow', 'Lucien Dodge', 'Laura Post']","['Andrew Tan', 'Michael Goguen']"
s6458,Movie,The Hollow Point,Gonzalo López-Gallego,"Patrick Wilson, Ian McShane, John Leguizamo, Lynn Collins, Jim Belushi, Karli Hall, David H. Stevens, Derek Boone",United States,"March 16, 2017",R,97 min,Action & Adventure,New straight-arrow sheriff Wallace finds he must join forces with brutal ex-lawman Leland to protect a troubled border town from a cartel hit man.,2017,,,97,minutes,['Movie'],['United States'],"['Patrick Wilson', 'Ian McShane', 'John Leguizamo', 'Lynn Collins', 'Jim Belushi', 'Karli Hall', 'David H. Stevens', 'Derek Boone']",['Gonzalo López-Gallego']
s3528,TV Show,Land Girls,,"Becci Gemmell, Susan Cookson, Mark Benton, Mykola Allen, Sophie Ward, Jo Woodcock, Seline Hizli, Liam Boyle, Danny Webb, Nicholas Shaw, Carolyn Pickles, David Schofield, Summer Strallen, Christine Bottomley",United Kingdom,"August 1, 2017",TV-14,3 Seasons,"British TV Shows, International TV Shows, TV Dramas","Follow the lives, loves, highs and lows of four members of the Women's Land Army who are working at the Hoxley Estate during WWII.",2017,,,3,seasons,['TV Show'],['United Kingdom'],"['Becci Gemmell', 'Susan Cookson', 'Mark Benton', 'Mykola Allen', 'Sophie Ward', 'Jo Woodcock', 'Seline Hizli', 'Liam Boyle', 'Danny Webb', 'Nicholas Shaw', 'Carolyn Pickles', 'David Schofield', 'Summer Strallen', 'Christine Bottomley']",[]
s4623,Movie,Once in a Lifetime Sessions with George Ezra,,,United States,"December 15, 2018",TV-MA,78 min,"Documentaries, Music & Musicals",English singer-songwriter George Ezra performs his standout songs and speaks about his transformation from aspiring bassist to pop star.,2018,,,78,minutes,['Movie'],['United States'],[],[]
s4327,TV Show,My Husband Won't Fit,,"Natsumi Ishibashi, Aoi Nakamura",Japan,"March 20, 2019",TV-MA,1 Season,"International TV Shows, Romantic TV Shows, TV Dramas","Kumiko and Kenichi meet in college and build a happy marriage together. But over time, an unusual problem threatens to destroy their relationship.",2019,,,1,seasons,['TV Show'],['Japan'],"['Natsumi Ishibashi', 'Aoi Nakamura']",[]
s2677,TV Show,Heartbreak High,,"Callan Mulvey, Lara Cox, Emma Roche, Ada Nicodemou, Rel Hunt, Putu Winchester, Salvatore Coco, Barbara Gouskos, Ivar Kants, Stephen O'Rourke, Abi Tucker, Scott Major, Corey Page, Despina Caldis, Deni Gordon, Jon Pollard, Vince Poletto, Andrea Moor, Jeremy Lindsay Taylor, Doris Younane, Tony Martin, Sebastian Goldspink, Katherine Halliday, Marcel Bracks, Nina Liu, Morna Seres, Nathalie Roy, Rebecca Smart, Fleur Beaupert, Alex Dimitriades, Tina Bursill, Peter Sumner, Mario Gamma, Tai Nguyen, Inge Hornstra, Rupert Reid, John Walton, Nick Lathouris, Hugh Baldwin, Sarah Lambert, Jan Adele, Diane Craig, Ian Bliss, Alexandra Brunning, Kym Wilson, Isabella Gutierrez, Simon Baker",Australia,"November 27, 2020",TV-14,7 Seasons,"International TV Shows, TV Dramas, Teen TV Shows",A crash course on the turbulence of being a teen is always on the schedule for the students at Hartley High School in this 1990s series set in Sydney.,2020,,,7,seasons,['TV Show'],['Australia'],"['Callan Mulvey', 'Lara Cox', 'Emma Roche', 'Ada Nicodemou', 'Rel Hunt', 'Putu Winchester', 'Salvatore Coco', 'Barbara Gouskos', 'Ivar Kants', ""Stephen O'Rourke"", 'Abi Tucker', 'Scott Major', 'Corey Page', 'Despina Caldis', 'Deni Gordon', 'Jon Pollard', 'Vince Poletto', 'Andrea Moor', 'Jeremy Lindsay Taylor', 'Doris Younane', 'Tony Martin', 'Sebastian Goldspink', 'Katherine Halliday', 'Marcel Bracks', 'Nina Liu', 'Morna Seres', 'Nathalie Roy', 'Rebecca Smart', 'Fleur Beaupert', 'Alex Dimitriades', 'Tina Bursill', 'Peter Sumner', 'Mario Gamma', 'Tai Nguyen', 'Inge Hornstra', 'Rupert Reid', 'John Walton', 'Nick Lathouris', 'Hugh Baldwin', 'Sarah Lambert', 'Jan Adele', 'Diane Craig', 'Ian Bliss', 'Alexandra Brunning', 'Kym Wilson', 'Isabella Gutierrez', 'Simon Baker']",[]
s7478,Movie,War Chhod Na Yaar,Faraz Haider,"Sharman Joshi, Soha Ali Khan, Javed Jaffrey, Dalip Tahil, Mukul Dev, Sanjay Mishra, Vivek Rana, Manoj Pahwa",India,"March 2, 2019",TV-14,109 min,"Comedies, Dramas, International Movies","Set in an India-Pakistan border post, this satirical but thought-provoking comedy about war deals with serious events in a humorous manner.",2019,,,109,minutes,['Movie'],['India'],"['Sharman Joshi', 'Soha Ali Khan', 'Javed Jaffrey', 'Dalip Tahil', 'Mukul Dev', 'Sanjay Mishra', 'Vivek Rana', 'Manoj Pahwa']",['Faraz Haider']
s1833,Movie,Double Dad,Cris D'Amato,"Maisa Silva, Eduardo Moscovis, Marcelo Médici, Laila Zaid, Pedro Ottoni, Rayana Diniz, Caio Vegatti, Fafá de Belém, Thaynara Og, Roberto Bonfim",Brazil,"January 15, 2021",TV-G,105 min,"Children & Family Movies, Comedies, Dramas","While her mom is away, a teen sneaks out of the hippie commune where she lives and embarks on a life-changing adventure to discover who her father is.",2021,,,105,minutes,['Movie'],['Brazil'],"['Maisa Silva', 'Eduardo Moscovis', 'Marcelo Médici', 'Laila Zaid', 'Pedro Ottoni', 'Rayana Diniz', 'Caio Vegatti', 'Fafá de Belém', 'Thaynara Og', 'Roberto Bonfim']","[""Cris D'Amato""]"
s7111,TV Show,Tjovitjo,,"Warren Masemola, Nobulali Dangazele, Rapulana Seiphemo, Sibulele Gcilitshana, Jabulile Mahlambi, Ntosh Madlingozi, Hlengiwe Lushaba, Kanyi Nokwe, Harriet Manamela, Soso Rungqu, Fisiwe Kubeka, Victor Mohale",South Africa,"April 29, 2020",TV-MA,2 Seasons,"International TV Shows, TV Dramas","Amidst poverty and struggle, a hardened pantsula dance leader enters a dark space and searches for redemption and salvation in his community.",2020,,,2,seasons,['TV Show'],['South Africa'],"['Warren Masemola', 'Nobulali Dangazele', 'Rapulana Seiphemo', 'Sibulele Gcilitshana', 'Jabulile Mahlambi', 'Ntosh Madlingozi', 'Hlengiwe Lushaba', 'Kanyi Nokwe', 'Harriet Manamela', 'Soso Rungqu', 'Fisiwe Kubeka', 'Victor Mohale']",[]
s7696,Movie,Yaara O Dildaara,Ksshitij Chaudhary,"Harbhajan Mann, Tulip Joshi, Kabir Bedi, Gulzar Chahal, Jonita, Gurpreet Ghuggi, Gurpreet Grewal, Neena Cheema, Sunita Dhir",India,"November 1, 2017",TV-14,132 min,"Dramas, International Movies, Music & Musicals",The patriarch of a wealthy family with one industrious son and one who's a playboy arranges for the marriage of one to the woman the other loves.,2017,,,132,minutes,['Movie'],['India'],"['Harbhajan Mann', 'Tulip Joshi', 'Kabir Bedi', 'Gulzar Chahal', 'Jonita', 'Gurpreet Ghuggi', 'Gurpreet Grewal', 'Neena Cheema', 'Sunita Dhir']",['Ksshitij Chaudhary']
s6083,TV Show,The Andy Griffith Show,,"Andy Griffith, Ron Howard, Don Knotts, Frances Bavier, Howard McNear, Hope Summers",United States," July 1, 2017",TV-G,8 Seasons,"Classic & Cult TV, TV Comedies","Homespun humor and easygoing Sheriff Andy Taylor are at the center of this nostalgic look at Mayberry, a small town filled with lovable characters.",2017,,,8,seasons,['TV Show'],['United States'],"['Andy Griffith', 'Ron Howard', 'Don Knotts', 'Frances Bavier', 'Howard McNear', 'Hope Summers']",[]
s4949,Movie,Power Rangers Super Samurai: Stuck on Christmas,,"Alex Heartman, Najee De-Tiege, Hector David Jr., Erika Fong, Brittany Anne Pirtle, Steven Skyler, Paul Schrier, Felix Ryan, Jeff Szusterman, Stig Alred, Kate Elliot",United States,"January 1, 2016",TV-Y7,24 min,"Children & Family Movies, Sci-Fi & Fantasy",The Samurai Rangers get stuck in the Megazord's cockpit on Christmas Eve when it breaks down. Can the Rangers get out in time for Christmas?,2016,,,24,minutes,['Movie'],['United States'],"['Alex Heartman', 'Najee De-Tiege', 'Hector David Jr.', 'Erika Fong', 'Brittany Anne Pirtle', 'Steven Skyler', 'Paul Schrier', 'Felix Ryan', 'Jeff Szusterman', 'Stig Alred', 'Kate Elliot']",[]
s6041,Movie,Thackeray (Marathi),Abhijit Panse,"Nawazuddin Siddiqui, Amrita Rao, Rajeev Panday, Sanjay Narvekar, Rajesh Khera, Prakash Belawadi, Avantika Akerkar",,"June 28, 2020",TV-14,135 min,"Dramas, International Movies","This biopic maps the meteoric rise of far-right Shiv Sena party founder, Bal Thackeray, from controversial cartoonist to powerful Mumbai politician.",2020,,,135,minutes,['Movie'],[],"['Nawazuddin Siddiqui', 'Amrita Rao', 'Rajeev Panday', 'Sanjay Narvekar', 'Rajesh Khera', 'Prakash Belawadi', 'Avantika Akerkar']",['Abhijit Panse']
s3114,TV Show,Jailbirds,,,,"May 10, 2019",TV-MA,1 Season,Reality TV,"At the Sacramento County Jail, incarcerated women fight the power and one another as they try to make the best of life – and love – on the inside.",2019,,,1,seasons,['TV Show'],[],[],[]
s7575,Movie,What's Your Raashee?,Ashutosh Gowariker,"Harman Baweja, Priyanka Chopra, Manju Singh, Anjan Srivastav, Darshan Jariwala, Dilip Joshi, Vishwa Badola, Rajesh Vivek, Daya Shankar Pandey, Yuri Suri",India,"August 15, 2020",TV-PG,203 min,"Comedies, International Movies, Music & Musicals","To protect his family from ruin, Yogesh must marry his dream girl in only ten days, so he rushes into dating women with different astrological signs.",2020,,,203,minutes,['Movie'],['India'],"['Harman Baweja', 'Priyanka Chopra', 'Manju Singh', 'Anjan Srivastav', 'Darshan Jariwala', 'Dilip Joshi', 'Vishwa Badola', 'Rajesh Vivek', 'Daya Shankar Pandey', 'Yuri Suri']",['Ashutosh Gowariker']
s3937,Movie,Marco Polo: One Hundred Eyes,Alik Sakharov,"Tom Wu, Benedict Wong, Michelle Yeoh",United States,"December 26, 2015",TV-MA,29 min,Movies,A defiant warrior-monk arrives at Kublai Khan's court in chains and soon earns his tragic nickname in this 30-minute origin story.,2015,,,29,minutes,['Movie'],['United States'],"['Tom Wu', 'Benedict Wong', 'Michelle Yeoh']",['Alik Sakharov']
s3380,TV Show,Kill la Kill,,"Ami Koshimizu, Toshihiko Seki, Ryoka Yuzuki, Aya Suzaki, Shinichiro Miki, Tetsu Inada, Nobuyuki Hiyama, Mayumi Shintani, Hiroyuki Yoshino, Romi Park",Japan,"June 15, 2019",TV-MA,1 Season,"Anime Series, International TV Shows","The ""woman with the scissor blade"" – Ryuko Matoi – searches for clues all around the world for the truth behind her father's death.",2019,,,1,seasons,['TV Show'],['Japan'],"['Ami Koshimizu', 'Toshihiko Seki', 'Ryoka Yuzuki', 'Aya Suzaki', 'Shinichiro Miki', 'Tetsu Inada', 'Nobuyuki Hiyama', 'Mayumi Shintani', 'Hiroyuki Yoshino', 'Romi Park']",[]
s1721,TV Show,Detention,"Su I-Hsuan, Chuang Shiang-an, Liu Yi","Li Lingwei, Han Ning, Huang Guanzhi, Jack Yao, Hsia Teng-hung, David Chao, Luo Guanxu, Wu Kunda, Serena Fang, Carol Cheng, Chang Han",Taiwan,"December 5, 2020",TV-MA,1 Season,"International TV Shows, TV Dramas, TV Horror",A tormented student uncovers unsettling secrets at her remote high school as betrayal and a paranormal encounter upend her life.,2020,,,1,seasons,['TV Show'],['Taiwan'],"['Li Lingwei', 'Han Ning', 'Huang Guanzhi', 'Jack Yao', 'Hsia Teng-hung', 'David Chao', 'Luo Guanxu', 'Wu Kunda', 'Serena Fang', 'Carol Cheng', 'Chang Han']","['Su I-Hsuan', 'Chuang Shiang-an', 'Liu Yi']"
s1704,TV Show,Dennis and Gnasher Unleashed,,"Freddie Fox, Kathryn Drysdale, Rasmus Hardiker, Joanna Ruiz, Ryan Sampson, Kelly Marie Stewart",United Kingdom,"May 15, 2019",TV-Y,1 Season,"British TV Shows, Kids' TV, TV Comedies","Fearless Dennis, his loyal dog Gnasher and best friends Rubi, JJ and Pieface quench their thirst for adventure by wreaking havoc all over Beanotown.",2019,,,1,seasons,['TV Show'],['United Kingdom'],"['Freddie Fox', 'Kathryn Drysdale', 'Rasmus Hardiker', 'Joanna Ruiz', 'Ryan Sampson', 'Kelly Marie Stewart']",[]
s2281,Movie,French Dirty,"Wade Allain-Marcus, Jesse Allain-Marcus","Wade Allain-Marcus, Arjun Gupta, Melina Lizette, Elsa Biedermann, Katie Blake, Santana Dempsey",United States,"February 4, 2016",TV-MA,72 min,"Dramas, Independent Movies","An aimless, unemployed millennial hangs out with his pals and resists growing up, until an affair with his best friend's girl forces him to change.",2016,,,72,minutes,['Movie'],['United States'],"['Wade Allain-Marcus', 'Arjun Gupta', 'Melina Lizette', 'Elsa Biedermann', 'Katie Blake', 'Santana Dempsey']","['Wade Allain-Marcus', 'Jesse Allain-Marcus']"
s5388,Movie,Sara's Notebook,Norberto López Amado,"Belén Rueda, Marian Álvarez, Iván Mendes, Manolo Cardona, Nick Devlin, Florin Opritescu",Spain,"May 26, 2018",TV-MA,117 min,"Dramas, International Movies, Thrillers","A naive Madrid lawyer travels to Africa to search for her younger sister, who has gone missing in a part of Congo plagued by violence and strife.",2018,,,117,minutes,['Movie'],['Spain'],"['Belén Rueda', 'Marian Álvarez', 'Iván Mendes', 'Manolo Cardona', 'Nick Devlin', 'Florin Opritescu']",['Norberto López Amado']
s223,Movie,A Second Chance,Cathy Garcia-Molina,"John Lloyd Cruz, Bea Alonzo, Dimples Romana, Janus del Prado, James Blanco, Ahron Villena, Beatriz Saw, Shamaine Centenera, Khalil Ramos, Billy Crawford, Al Tantay, Arci Muñoz",Philippines,"February 27, 2019",TV-MA,130 min,"Dramas, International Movies, Romantic Movies","Following their storybook wedding, Popoy and Basha find married life – and starting a business together – more challenging than they ever imagined.",2019,,,130,minutes,['Movie'],['Philippines'],"['John Lloyd Cruz', 'Bea Alonzo', 'Dimples Romana', 'Janus del Prado', 'James Blanco', 'Ahron Villena', 'Beatriz Saw', 'Shamaine Centenera', 'Khalil Ramos', 'Billy Crawford', 'Al Tantay', 'Arci Muñoz']",['Cathy Garcia-Molina']
s4716,Movie,Oye Lucky! Lucky Oye!,Dibakar Banerjee,"Abhay Deol, Paresh Rawal, Neetu Chandra, Archana Puran Singh, Manu Rishi Chadha, Richa Chadda, Anurag Arora, Rajender Sethi, Manjot Singh, Chandan Anand",India,"November 1, 2018",TV-14,118 min,"Comedies, Dramas, International Movies","Starting as a petty thief, a man rises to become one of the city's biggest operators and carves out the kind of lifestyle he'd once only dreamed of.",2018,,,118,minutes,['Movie'],['India'],"['Abhay Deol', 'Paresh Rawal', 'Neetu Chandra', 'Archana Puran Singh', 'Manu Rishi Chadha', 'Richa Chadda', 'Anurag Arora', 'Rajender Sethi', 'Manjot Singh', 'Chandan Anand']",['Dibakar Banerjee']
s1374,Movie,Christopher Robin,Marc Forster,"Ewan McGregor, Hayley Atwell, Bronte Carmichael, Mark Gatiss, Jim Cummings, Brad Garrett, Nick Mohammed, Peter Capaldi",United States,"March 5, 2019",PG,104 min,"Children & Family Movies, Comedies, Dramas","Now a careworn middle-aged man, Christopher Robin goes on a familiar adventure when his old pal Winnie the Pooh brings him to the Hundred Acre Wood.",2019,,,104,minutes,['Movie'],['United States'],"['Ewan McGregor', 'Hayley Atwell', 'Bronte Carmichael', 'Mark Gatiss', 'Jim Cummings', 'Brad Garrett', 'Nick Mohammed', 'Peter Capaldi']",['Marc Forster']
s1555,TV Show,Curon,,"Valeria Bilello, Luca Lionello, Federico Russo, Margherita Morchio, Anna Ferzetti, Alessandro Tedeschi, Juju Di Domenico, Giulio Brizzi, Max Malatesta",Italy,"June 10, 2020",TV-MA,1 Season,"International TV Shows, TV Dramas, TV Horror","After 17 years, a woman returns home with her teenage twins. When she mysteriously vanishes, her children must reckon with a shadowy family legacy.",2020,,,1,seasons,['TV Show'],['Italy'],"['Valeria Bilello', 'Luca Lionello', 'Federico Russo', 'Margherita Morchio', 'Anna Ferzetti', 'Alessandro Tedeschi', 'Juju Di Domenico', 'Giulio Brizzi', 'Max Malatesta']",[]
s1079,Movie,Brave Blue World: Racing to Solve Our Water Crisis,Tim Neeves,"Liam Neeson, Matt Damon, Jaden Smith","Canada, United Kingdom","October 21, 2020",TV-PG,51 min,"Documentaries, International Movies","From reuse to energy generation, new innovations across five continents are explored in this documentary about building a future for sustainable water.",2020,,,51,minutes,['Movie'],"['Canada', 'United Kingdom']","['Liam Neeson', 'Matt Damon', 'Jaden Smith']",['Tim Neeves']
s1766,TV Show,Dinner for Five,,,United States,"February 4, 2008",TV-MA,1 Season,Stand-Up Comedy & Talk Shows,"In each episode, four celebrities join host Jon Favreau for dinner and share revealing stories about both show business and their personal lives.",2008,,,1,seasons,['TV Show'],['United States'],[],[]
s787,TV Show,Beat Bugs,,"Ashleigh Ball, Lili Beaudoin, Charles Demers, Rebecca Husain, Erin Mathews","Australia, Canada","July 21, 2019",TV-Y,3 Seasons,Kids' TV,"With songs made famous by the Beatles, five friendly bugs learn big lessons about the world around them – all from the safety of their own backyard.",2019,,,3,seasons,['TV Show'],"['Australia', 'Canada']","['Ashleigh Ball', 'Lili Beaudoin', 'Charles Demers', 'Rebecca Husain', 'Erin Mathews']",[]
s2349,Movie,Gang of the Caribbean,Jean-Claude Flamand-Barny,"Djédjé Apali, Eriq Ebouaney, Adama Niane, Vincent Vermignon, Djibril Pavadé, Zita Hanrot, Karim Belkhadra, Lise Lomi, Zoé Charron, Jocelyne Béroard, Julien Courbey, Lucien Jean-Baptiste, Romane Bohringer, Mathieu Kassovitz",France,"January 31, 2020",TV-MA,86 min,"Dramas, International Movies","Disillusioned by life in 1970s France, a West Indian expatriate named Jimmy joins a gang of idealistic robbers, but betrayal and violence soon follow.",2020,,,86,minutes,['Movie'],['France'],"['Djédjé Apali', 'Eriq Ebouaney', 'Adama Niane', 'Vincent Vermignon', 'Djibril Pavadé', 'Zita Hanrot', 'Karim Belkhadra', 'Lise Lomi', 'Zoé Charron', 'Jocelyne Béroard', 'Julien Courbey', 'Lucien Jean-Baptiste', 'Romane Bohringer', 'Mathieu Kassovitz']",['Jean-Claude Flamand-Barny']
s7442,TV Show,Voice,,"Jang Hyuk, Lee Ha-na, Baek Sung-hyun, Ye-sung, Son Eun-seo, Kwon Jae-hwan, Lee Ju-seung, Kim Jae-wook",South Korea,"November 1, 2020",TV-14,2 Seasons,"Crime TV Shows, International TV Shows, Korean TV Shows","A deft detective whose wife is killed by a serial murderer teams up with a rookie cop, a gifted voice profiler dealing with her own father’s murder.",2020,,,2,seasons,['TV Show'],['South Korea'],"['Jang Hyuk', 'Lee Ha-na', 'Baek Sung-hyun', 'Ye-sung', 'Son Eun-seo', 'Kwon Jae-hwan', 'Lee Ju-seung', 'Kim Jae-wook']",[]
s7568,Movie,What We Started,"Bert Marcus, Cyrus Saidi",,United States,"July 1, 2018",TV-MA,96 min,"Documentaries, Music & Musicals","DJs and industry insiders offer a backstage pass to the world of electronic dance music, reflecting on its radical origins and the future of the genre.",2018,,,96,minutes,['Movie'],['United States'],[],"['Bert Marcus', 'Cyrus Saidi']"
s6549,Movie,The Land of the Enlightened,Pieter-Jan De Pue,Sohrab Nazari,"Belgium, Ireland, Netherlands, Germany, Afghanistan","January 1, 2017",TV-MA,84 min,"Documentaries, International Movies","In the rugged mountains of Afghanistan, armed bands of young boys survive by scavenging for old land mines, mining lapis lazuli and trading in opium.",2017,,,84,minutes,['Movie'],"['Belgium', 'Ireland', 'Netherlands', 'Germany', 'Afghanistan']",['Sohrab Nazari'],['Pieter-Jan De Pue']
s3018,TV Show,Inside the Real Narcos,,Jason Fox,,"December 14, 2018",TV-MA,1 Season,"British TV Shows, Crime TV Shows, Docuseries","Exposing a rarely seen perspective on the drug wars, ex-Special Forces commando Jason Fox interviews dangerous traffickers and cartel members.",2018,,,1,seasons,['TV Show'],[],['Jason Fox'],[]
s2289,TV Show,Friends,,"Jennifer Aniston, Courteney Cox, Lisa Kudrow, Matt LeBlanc, Matthew Perry, David Schwimmer",United States,,TV-14,10 Seasons,"Classic & Cult TV, TV Comedies","This hit sitcom follows the merry misadventures of six 20-something pals as they navigate the pitfalls of work, life and love in 1990s Manhattan.",,,,10,seasons,['TV Show'],['United States'],"['Jennifer Aniston', 'Courteney Cox', 'Lisa Kudrow', 'Matt LeBlanc', 'Matthew Perry', 'David Schwimmer']",[]
s1216,Movie,Care of Kancharapalem,Maha Venkatesh,"Subba Rao Vepada, Radha Bessy, Kesava Karri, Nithyasri Goru, Karthik Rathnam, Praneetha Patnaik, Mohan Bhagath, Praveena Paruchuri",India,"September 6, 2019",TV-14,142 min,"Comedies, Dramas, Independent Movies","From a schoolboy’s crush to a middle-aged bachelor’s office romance, four love stories spanning age, religion and status unfold in a small Indian town.",2019,,,142,minutes,['Movie'],['India'],"['Subba Rao Vepada', 'Radha Bessy', 'Kesava Karri', 'Nithyasri Goru', 'Karthik Rathnam', 'Praneetha Patnaik', 'Mohan Bhagath', 'Praveena Paruchuri']",['Maha Venkatesh']
s2406,Movie,Ghosts of War,Eric Bress,"Brenton Thwaites, Theo Rossi, Skylar Astin, Kyle Gallner, Alan Ritchson, Billy Zane, Shaun Toub",United Kingdom,"November 25, 2020",R,95 min,Horror Movies,"Five, battle-worn Allied soldiers guarding a chateau previously occupied by Nazis start experiencing unexplained and terrifying supernatural horrors.",2020,,,95,minutes,['Movie'],['United Kingdom'],"['Brenton Thwaites', 'Theo Rossi', 'Skylar Astin', 'Kyle Gallner', 'Alan Ritchson', 'Billy Zane', 'Shaun Toub']",['Eric Bress']
s1559,Movie,Cutie and the Boxer,Zachary Heinzerling,"Noriko Shinohara, Ushio Shinohara",United States,"June 14, 2018",R,82 min,Documentaries,"A 2014 Oscar nominee for Best Documentary Feature, this film explores the symbiotic relationship of artists Ushio and Noriko Shinohara.",2018,,,82,minutes,['Movie'],['United States'],"['Noriko Shinohara', 'Ushio Shinohara']",['Zachary Heinzerling']
s1011,TV Show,Bo on the Go!,,"Catherine O'Connor, Andrew Sabiston, Jim Fowler",Canada,"March 21, 2019",TV-Y,1 Season,Kids' TV,"Staying at home doesn't mean sitting still for energetic Bo and her little dragon friend Dezzy, who embark on amazing adventures through movement.",2019,,,1,seasons,['TV Show'],['Canada'],"[""Catherine O'Connor"", 'Andrew Sabiston', 'Jim Fowler']",[]
s394,TV Show,Alice in Borderland,,"Kento Yamazaki, Tao Tsuchiya, Nijiro Murakami, Yuki Morinaga, Keita Machida, Ayaka Miyoshi, Dori Sakurada, Aya Asahina, Shuntaro Yanagi, Yutaro Watanabe, Ayame Misaki, Mizuki Yoshida, Tsuyoshi Abe, Nobuaki Kaneko, Sho Aoyagi, Riisa Naka",Japan,"December 10, 2020",TV-MA,1 Season,"International TV Shows, TV Action & Adventure, TV Mysteries","An aimless gamer and his two friends find themselves in a parallel Tokyo, where they're forced to compete in a series of sadistic games to survive.",2020,,,1,seasons,['TV Show'],['Japan'],"['Kento Yamazaki', 'Tao Tsuchiya', 'Nijiro Murakami', 'Yuki Morinaga', 'Keita Machida', 'Ayaka Miyoshi', 'Dori Sakurada', 'Aya Asahina', 'Shuntaro Yanagi', 'Yutaro Watanabe', 'Ayame Misaki', 'Mizuki Yoshida', 'Tsuyoshi Abe', 'Nobuaki Kaneko', 'Sho Aoyagi', 'Riisa Naka']",[]
s231,Movie,A Sort of Family,Diego Lerman,"Bárbara Lennie, Daniel Aráoz, Claudio Tolcachir, Paula Cohen, Yanina Ávila","Argentina, Brazil, France, Poland, Germany, Denmark","April 1, 2018",TV-14,96 min,"Dramas, International Movies, Thrillers",An Argentine doctor faces legal and ethical challenges when she travels to the countryside to pick up the infant she has been waiting to adopt.,2018,,,96,minutes,['Movie'],"['Argentina', 'Brazil', 'France', 'Poland', 'Germany', 'Denmark']","['Bárbara Lennie', 'Daniel Aráoz', 'Claudio Tolcachir', 'Paula Cohen', 'Yanina Ávila']",['Diego Lerman']
s2649,TV Show,Haters Back Off,,"Colleen Ballinger, Angela Kinsey, Steve Little, Francesca Reale, Erik Stocklin, Matt Besser",United States,"October 20, 2017",TV-PG,2 Seasons,"TV Comedies, Teen TV Shows","Determined to make it big, the confident but clueless Miranda Sings embarks on an unlikely quest for fame in this offbeat comedy.",2017,,,2,seasons,['TV Show'],['United States'],"['Colleen Ballinger', 'Angela Kinsey', 'Steve Little', 'Francesca Reale', 'Erik Stocklin', 'Matt Besser']",[]
s3128,Movie,Jarhead: Law of Return,Don Michael Paul,"Amaury Nolasco, Devon Sawa, Robert Patrick, Jeff Pierre, Ben Cross, Amos Tamam, Yael Eitan, Tsahi Halevi","Israel, United States","December 25, 2019",R,103 min,"Action & Adventure, Dramas","When a U.S. senator’s son is held captive by Hezbollah militiamen, a group of highly trained soldiers ventures into enemy territory to bring him home.",2019,,,103,minutes,['Movie'],"['Israel', 'United States']","['Amaury Nolasco', 'Devon Sawa', 'Robert Patrick', 'Jeff Pierre', 'Ben Cross', 'Amos Tamam', 'Yael Eitan', 'Tsahi Halevi']",['Don Michael Paul']
s7420,Movie,Vikings Unearthed,Harvey Lilley,Eric Meyers,United States,"March 1, 2017",TV-PG,113 min,Documentaries,Archaeologist Sarah Parcak follows clues to early Viking explorations and discusses just what these notoriously fierce warriors were really like.,2017,,,113,minutes,['Movie'],['United States'],['Eric Meyers'],['Harvey Lilley']
s6853,Movie,The Sea of Trees,Gus Van Sant,"Matthew McConaughey, Naomi Watts, Ken Watanabe, Katie Aselton, Jordan Gavaris",United States,"November 8, 2018",PG-13,111 min,Dramas,"A brooding American unable to cope with personal crisis travels to ""suicide forest"" near Mount Fuji, where he meets a fellow lost wanderer.",2018,,,111,minutes,['Movie'],['United States'],"['Matthew McConaughey', 'Naomi Watts', 'Ken Watanabe', 'Katie Aselton', 'Jordan Gavaris']",['Gus Van Sant']
s928,Movie,Billy Elliot,Stephen Daldry,"Jamie Bell, Gary Lewis, Stuart Wells, Billy Fane, Colin MacLachlan, Nicola Blackwell, Carol McGuigan, Joe Renton, Janine Birkett, Charlie Hardwick, Mike Elliot, Jean Heywood, Jamie Draven, Julie Walters, Trevor Fox, Adam Cooper","United Kingdom, France","February 1, 2019",R,110 min,"Dramas, Independent Movies, International Movies","When a boy trades boxing school for ballet lessons, he may take his newfound talent all the way to the top - and win over his disapproving father.",2019,,,110,minutes,['Movie'],"['United Kingdom', 'France']","['Jamie Bell', 'Gary Lewis', 'Stuart Wells', 'Billy Fane', 'Colin MacLachlan', 'Nicola Blackwell', 'Carol McGuigan', 'Joe Renton', 'Janine Birkett', 'Charlie Hardwick', 'Mike Elliot', 'Jean Heywood', 'Jamie Draven', 'Julie Walters', 'Trevor Fox', 'Adam Cooper']",['Stephen Daldry']
s4754,Movie,Panic Room,David Fincher,"Jodie Foster, Forest Whitaker, Dwight Yoakam, Jared Leto, Kristen Stewart, Ann Magnuson, Ian Buchanan, Patrick Bauchau, Paul Schulze",United States,"August 1, 2019",R,112 min,Thrillers,A woman and her daughter are caught in a game of cat-and-mouse with burglars in their New York City home and are forced to retreat inside a vault.,2019,,,112,minutes,['Movie'],['United States'],"['Jodie Foster', 'Forest Whitaker', 'Dwight Yoakam', 'Jared Leto', 'Kristen Stewart', 'Ann Magnuson', 'Ian Buchanan', 'Patrick Bauchau', 'Paul Schulze']",['David Fincher']
s5006,Movie,Pup Star,Robert Vince,"Makenzie Moss, Jed Rees, David DeLuise, Carla Jimenez, Tom Everett Scott, Diedrich Bader, George Newbern, Bonnie Somerville, John Ratzenberger",Canada,"October 29, 2016",G,92 min,"Children & Family Movies, Comedies","After a singing pup with big dreams of stardom gets dognapped and escapes with a friend's help, her journey home is a fun, music-filled adventure.",2016,,,92,minutes,['Movie'],['Canada'],"['Makenzie Moss', 'Jed Rees', 'David DeLuise', 'Carla Jimenez', 'Tom Everett Scott', 'Diedrich Bader', 'George Newbern', 'Bonnie Somerville', 'John Ratzenberger']",['Robert Vince']
s1322,TV Show,Chhota Bheem Kung Fu Dhamaka Series,,"Pinky Pal Rajput, Sonal Kaushal, Julie Tejwani, Jigna Bharadhwaj, Shaily Dubey, Rajesh Kava, Ghanshyam Shukla, Anamaya Verma, Mohit Sinha, Vaibhav Thakkar",,"January 1, 2020",TV-Y7,1 Season,Kids' TV,"From kung fu battles to run-ins with bandits, life in an empire far away from home is an endless adventure for Chhota Bheem and his buddies.",2020,,,1,seasons,['TV Show'],[],"['Pinky Pal Rajput', 'Sonal Kaushal', 'Julie Tejwani', 'Jigna Bharadhwaj', 'Shaily Dubey', 'Rajesh Kava', 'Ghanshyam Shukla', 'Anamaya Verma', 'Mohit Sinha', 'Vaibhav Thakkar']",[]
s1785,TV Show,Diva Brides,,,,"October 2, 2019",TV-MA,1 Season,"British TV Shows, Reality TV","In this reality series, brides-to-be stop at nothing to have their dream weddings despite meager funds, fallouts with friends or even absent grooms.",2019,,,1,seasons,['TV Show'],[],[],[]
s587,TV Show,Arthdal Chronicles,,"Song Joong-ki, Jang Dong-gun, Kim Ji-won, Kim Ok-vin, Kim Eui-sung, Cho Seong-ha, Lee Do-gyeong, Park Hae-joon, Park Byung-eun",South Korea,"June 2, 2019",TV-MA,1 Season,"International TV Shows, Korean TV Shows, TV Action & Adventure","In a mythical land called Arth, the inhabitants of the ancient city of Arthdal and its surrounding regions vie for power as they build a new society.",2019,,,1,seasons,['TV Show'],['South Korea'],"['Song Joong-ki', 'Jang Dong-gun', 'Kim Ji-won', 'Kim Ok-vin', 'Kim Eui-sung', 'Cho Seong-ha', 'Lee Do-gyeong', 'Park Hae-joon', 'Park Byung-eun']",[]
s62,TV Show,12 Years Promise,,"So-yeon Lee, Namkoong Min, Tae-im Lee, So-hui Yoon, Won-keun Lee, Hyo-young Ryu",South Korea,"May 22, 2017",TV-14,1 Season,"International TV Shows, Korean TV Shows, Romantic TV Shows","A pregnant teen is forced by her family to leave her boyfriend and assume a new identity in America, but 12 years later, the couple reunites in Korea.",2017,,,1,seasons,['TV Show'],['South Korea'],"['So-yeon Lee', 'Namkoong Min', 'Tae-im Lee', 'So-hui Yoon', 'Won-keun Lee', 'Hyo-young Ryu']",[]
s5820,Movie,Still LAUGH-IN: The Stars Celebrate,,"Lily Tomlin, Tiffany Haddish, Neil Patrick Harris, Michael Douglas, Snoop Dogg, Billy Crystal, Chelsea Handler, Jay Leno, Rita Wilson, Bill Maher, Tony Hale, Rita Moreno, Bobby Moynihan, Michael Rapaport, Mary McCormack, Rob Riggle, Jon Lovitz, Kenya Barris, Ruth Buzzi, Jo Anne Worley, Loni Anderson, Maria Bamford, Margaret Cho, Deon Cole, Taye Diggs, Ron Funches, Nikki Glaser, Jameela Jamil, Natasha Leggero, Loni Love, Cheri Oteri, Russell Peters, Jeff Ross, Lisa Ann Walter",United States,"May 14, 2019",TV-MA,61 min,Comedies,"This celebration of the groundbreaking comedy show ""Laugh-In"" stars Lily Tomlin, Snoop Dogg, Billy Crystal, Tiffany Haddish, Neil Patrick Harris and more.",2019,,,61,minutes,['Movie'],['United States'],"['Lily Tomlin', 'Tiffany Haddish', 'Neil Patrick Harris', 'Michael Douglas', 'Snoop Dogg', 'Billy Crystal', 'Chelsea Handler', 'Jay Leno', 'Rita Wilson', 'Bill Maher', 'Tony Hale', 'Rita Moreno', 'Bobby Moynihan', 'Michael Rapaport', 'Mary McCormack', 'Rob Riggle', 'Jon Lovitz', 'Kenya Barris', 'Ruth Buzzi', 'Jo Anne Worley', 'Loni Anderson', 'Maria Bamford', 'Margaret Cho', 'Deon Cole', 'Taye Diggs', 'Ron Funches', 'Nikki Glaser', 'Jameela Jamil', 'Natasha Leggero', 'Loni Love', 'Cheri Oteri', 'Russell Peters', 'Jeff Ross', 'Lisa Ann Walter']",[]
s4297,Movie,Mustang Island,Craig Elrod,"Macon Blair, Lee Eddy, John Merriman, Byron Brown, Jason Newman",United States,"January 2, 2018",TV-14,86 min,"Comedies, Dramas, Independent Movies","After being dumped on New Year's Eve, Bill pursues his ex-girlfriend to an off-season Gulf Coast beach town, but things get complicated along the way.",2018,,,86,minutes,['Movie'],['United States'],"['Macon Blair', 'Lee Eddy', 'John Merriman', 'Byron Brown', 'Jason Newman']",['Craig Elrod']
s5910,Movie,Superlopez,Javier Ruiz Caldera,"Dani Rovira, Alexandra Jiménez, Julián López, Maribel Verdú, Pedro Casablanc, Gracia Olayo, Ferran Rañé, Gonzalo de Castro, Mireia Portas",Spain,"March 24, 2019",TV-MA,108 min,"Action & Adventure, Comedies, International Movies","In this adaptation of the comic strip, Juan López must balance an office job with heroic feats to save the love of his life and native planet Chitón.",2019,,,108,minutes,['Movie'],['Spain'],"['Dani Rovira', 'Alexandra Jiménez', 'Julián López', 'Maribel Verdú', 'Pedro Casablanc', 'Gracia Olayo', 'Ferran Rañé', 'Gonzalo de Castro', 'Mireia Portas']",['Javier Ruiz Caldera']
s2253,Movie,Fracture,Gregory Hoblit,"Anthony Hopkins, Ryan Gosling, David Strathairn, Rosamund Pike, Embeth Davidtz, Billy Burke, Cliff Curtis, Fiona Shaw, Bob Gunton, Josh Stamberg","United States, Germany","April 1, 2019",R,113 min,"Dramas, Thrillers","Ted Crawford, who allegedly attempted to murder his wife, is now locked in a battle of wits with a young assistant district attorney.",2019,,,113,minutes,['Movie'],"['United States', 'Germany']","['Anthony Hopkins', 'Ryan Gosling', 'David Strathairn', 'Rosamund Pike', 'Embeth Davidtz', 'Billy Burke', 'Cliff Curtis', 'Fiona Shaw', 'Bob Gunton', 'Josh Stamberg']",['Gregory Hoblit']
s1422,Movie,Close Enemies,David Oelhoffen,"Matthias Schoenaerts, Reda Kateb, Adel Bencherif, Sofiane Zermani, Sabrina Ouazani, Gwendolyn Gourvenec, Nicolas Giraud, Yann Goven, Astrid Whettnall, Ahmed Benaissa, Marc Barbé","France, Belgium","January 29, 2020",TV-MA,112 min,"Dramas, International Movies","After an ambush leaves his partner dead, drug dealer Manuel reluctantly teams up with childhood friend Driss – now a cop – to hunt down the culprits.",2020,,,112,minutes,['Movie'],"['France', 'Belgium']","['Matthias Schoenaerts', 'Reda Kateb', 'Adel Bencherif', 'Sofiane Zermani', 'Sabrina Ouazani', 'Gwendolyn Gourvenec', 'Nicolas Giraud', 'Yann Goven', 'Astrid Whettnall', 'Ahmed Benaissa', 'Marc Barbé']",['David Oelhoffen']
s2216,TV Show,Followers,,"Miki Nakatani, Elaiza Ikeda, Mari Natsuki, Yuka Itaya, KOM_I, Mika Nakashima, Tadanobu Asano, Shuhei Uesugi, Nobuaki Kaneko, Hidekazu Mashima, Sho Kasamatsu, Yutaro",Japan,"February 27, 2020",TV-MA,1 Season,"International TV Shows, TV Dramas","When an aspiring actress hits it big thanks to a candid Instagram post, the lives of several Tokyo women cross as they struggle to define happiness IRL.",2020,,,1,seasons,['TV Show'],['Japan'],"['Miki Nakatani', 'Elaiza Ikeda', 'Mari Natsuki', 'Yuka Itaya', 'KOM_I', 'Mika Nakashima', 'Tadanobu Asano', 'Shuhei Uesugi', 'Nobuaki Kaneko', 'Hidekazu Mashima', 'Sho Kasamatsu', 'Yutaro']",[]
s3661,TV Show,Little Lunch,,"Flynn Curry, Olivia Deeble, Madison Lu, Oisín O'Leary, Faith Seci, Joshua Sitch, Heidi Arena",Australia,"February 1, 2018",,1 Season,"Kids' TV, TV Comedies","Adopting a child's perspective, this show takes a humorous look at what happens during those action-packed 15 minutes of snack time each day.",2018,,,1,seasons,['TV Show'],['Australia'],"['Flynn Curry', 'Olivia Deeble', 'Madison Lu', ""Oisín O'Leary"", 'Faith Seci', 'Joshua Sitch', 'Heidi Arena']",[]
s1490,Movie,Contract,Ram Gopal Varma,"Adhvik Mahajan, Prasad Purandhare, Sakshi Gulati, Zakir Hussain, Amruta Subhash, Kishore Kadam, Sumeet Nijhawan, Upyendra Limaye",India,"March 2, 2019",TV-14,116 min,"Action & Adventure, Dramas, Independent Movies","Following the death of his wife and daughter in a terrorist attack, an ex-Indian army commando agrees to infiltrate a terrorist cell.",2019,,,116,minutes,['Movie'],['India'],"['Adhvik Mahajan', 'Prasad Purandhare', 'Sakshi Gulati', 'Zakir Hussain', 'Amruta Subhash', 'Kishore Kadam', 'Sumeet Nijhawan', 'Upyendra Limaye']",['Ram Gopal Varma']
s4539,Movie,NOVA: The Impossible Flight,"Noel Dockstader, Quinn Kanaly",,United States,"July 1, 2019",TV-PG,113 min,Documentaries,"Two adventurous pilots attempt to fly around the world without using any fuel, relying only on the power of the sun.",2019,,,113,minutes,['Movie'],['United States'],[],"['Noel Dockstader', 'Quinn Kanaly']"
s867,Movie,Bewafaa,Dharmesh Darshan,"Anil Kapoor, Akshay Kumar, Kareena Kapoor, Sushmita Sen, Shamita Shetty, Manoj Bajpayee, Kabir Bedi, Nafisa Ali, Supriya Pathak, Raj Premi, Supriya Karnik",India,"July 21, 2019",TV-PG,149 min,"Dramas, International Movies, Romantic Movies","A young woman faces pressure to marry her brother-in-law, after her sister dies while giving birth. But she's secretly in love with someone else.",2019,,,149,minutes,['Movie'],['India'],"['Anil Kapoor', 'Akshay Kumar', 'Kareena Kapoor', 'Sushmita Sen', 'Shamita Shetty', 'Manoj Bajpayee', 'Kabir Bedi', 'Nafisa Ali', 'Supriya Pathak', 'Raj Premi', 'Supriya Karnik']",['Dharmesh Darshan']
s320,TV Show,Afflicted,,,United States,"August 10, 2018",TV-MA,1 Season,"Docuseries, Reality TV, Science & Nature TV",Baffling symptoms. Controversial diagnoses. Costly treatments. Seven people with chronic illnesses search for answers – and relief.,2018,,,1,seasons,['TV Show'],['United States'],[],[]
s6918,Movie,The Surrounding Game,"Will Lockhart, Cole D. Pruitt",,United States,"August 30, 2018",TV-14,98 min,Documentaries,"Teens in America dedicate themselves to the Asian game of Go, which originated in ancient China, drawing meaningful life lessons along the way.",2018,,,98,minutes,['Movie'],['United States'],[],"['Will Lockhart', 'Cole D. Pruitt']"
s2690,TV Show,Hell on Wheels,,"Anson Mount, Colm Meaney, Common, Dominique McElligott, Eddie Spears, Ben Esler, Phil Burke, Christopher Heyerdahl, Robin McLeavy, Tom Noonan","Canada, United Kingdom"," May 28, 2016",TV-14,5 Seasons,"Crime TV Shows, TV Action & Adventure",Former Confederate soldier Cullen Bohannon sets out on a quest to find his wife's killer as post-Civil War America struggles to rebuild its identity.,2016,,,5,seasons,['TV Show'],"['Canada', 'United Kingdom']","['Anson Mount', 'Colm Meaney', 'Common', 'Dominique McElligott', 'Eddie Spears', 'Ben Esler', 'Phil Burke', 'Christopher Heyerdahl', 'Robin McLeavy', 'Tom Noonan']",[]
s3144,TV Show,Jeffrey Epstein: Filthy Rich,,,United States,"May 27, 2020",TV-MA,1 Season,"Crime TV Shows, Docuseries",Stories from survivors fuel this docuseries examining how convicted sex offender Jeffrey Epstein used his wealth and power to carry out his abuses.,2020,,,1,seasons,['TV Show'],['United States'],[],[]
s6299,Movie,The Devil's Mistress,Filip Renc,"Tatiana Pauhofová, Karl Markovics, Gedeon Burkhard, Simona Stasová, Martin Huba, Pavel Kríz, Zdenka Procházková, Anna Fialová, Lenka Vlasáková, Jirí Mádl","Czech Republic, Slovakia","May 15, 2017",TV-MA,110 min,"Dramas, International Movies","Before the dawn of World War II, an ambitious actress pursues her dreams in Berlin. But her plans derail when she becomes Joseph Goebbels’ mistress.",2017,,,110,minutes,['Movie'],"['Czech Republic', 'Slovakia']","['Tatiana Pauhofová', 'Karl Markovics', 'Gedeon Burkhard', 'Simona Stasová', 'Martin Huba', 'Pavel Kríz', 'Zdenka Procházková', 'Anna Fialová', 'Lenka Vlasáková', 'Jirí Mádl']",['Filip Renc']
s5369,Movie,Samson,"Bruce MacDonald, Gabriel Sabloff","Taylor James, Billy Zane, Lindsay Wagner, Caitlin Leahy, Rutger Hauer, Jackson Rathbone, Brandon Auret, Frances Sholto-Douglas, Greg Kriek","South Africa, United States","December 14, 2018",PG-13,109 min,"Action & Adventure, Dramas, Faith & Spirituality",The Biblical story of Samson becomes this sword-and-sandals epic about an Israelite warrior whose God-given brawn is undone by a beautiful temptress.,2018,,,109,minutes,['Movie'],"['South Africa', 'United States']","['Taylor James', 'Billy Zane', 'Lindsay Wagner', 'Caitlin Leahy', 'Rutger Hauer', 'Jackson Rathbone', 'Brandon Auret', 'Frances Sholto-Douglas', 'Greg Kriek']","['Bruce MacDonald', 'Gabriel Sabloff']"
s1865,TV Show,Dream Home Makeover,,,United States,"January 1, 2021",TV-G,2 Seasons,Reality TV,"Dreams come true for real families looking for the perfect home tailored to their own unique style, thanks to Shea and Syd McGee of Studio McGee.",2021,,,2,seasons,['TV Show'],['United States'],[],[]
s5983,Movie,Tanu Weds Manu,Aanand Rai,"Madhavan, Kangana Ranaut, Jimmy Shergill, Deepak Dobriyal, Swara Bhaskar, Eijaz Khan, K.K. Raina, Rajendra Gupta, Ravi Kishan, Navni Parihar",India,"July 5, 2020",TV-14,114 min,"Comedies, Dramas, International Movies","When London-based doctor Manu reluctantly returns to India to find a bride, he meets the girl of his dreams – only to discover she loves another man.",2020,,,114,minutes,['Movie'],['India'],"['Madhavan', 'Kangana Ranaut', 'Jimmy Shergill', 'Deepak Dobriyal', 'Swara Bhaskar', 'Eijaz Khan', 'K.K. Raina', 'Rajendra Gupta', 'Ravi Kishan', 'Navni Parihar']",['Aanand Rai']
s6782,Movie,The Princess Switch: Switched Again,Mike Rohl,"Vanessa Hudgens, Nick Sagar, Sam Palladio, Mia Lloyd, Lachlan Nieboer, Ricky Norwood, Florence Hall, Suanne Braun, Mark Fleischmann",United States,"November 19, 2020",TV-G,97 min,"Children & Family Movies, Dramas, Romantic Movies","When Margaret's Christmas coronation complicates her love life, her double Stacy steps in to save the day. But will a third look-alike ruin their plan?",2020,,,97,minutes,['Movie'],['United States'],"['Vanessa Hudgens', 'Nick Sagar', 'Sam Palladio', 'Mia Lloyd', 'Lachlan Nieboer', 'Ricky Norwood', 'Florence Hall', 'Suanne Braun', 'Mark Fleischmann']",['Mike Rohl']
s1884,TV Show,"Drugs, Inc.",,Mike Secher,United States,"March 23, 2019",TV-MA,1 Season,"Crime TV Shows, Docuseries","This absorbing documentary series follows the entire supply chain of the illicit drug trade, tracing its production, export, sale and consumption.",2019,,,1,seasons,['TV Show'],['United States'],['Mike Secher'],[]
s4499,Movie,Noblemen,Vandana Kataria,"Ali Haji, Kunal Kapoor, Muskkaan Jaferi, Hardik Thakkar, Ali Mir, Shaan Grover, M.K. Raina, Ivan Rodrigues",India,"October 5, 2019",TV-MA,109 min,"Dramas, Independent Movies, International Movies","When he lands the lead in his Christian school's production of ""The Merchant of Venice,"" a secretly gay student is bullied by wealthy upperclassmen.",2019,,,109,minutes,['Movie'],['India'],"['Ali Haji', 'Kunal Kapoor', 'Muskkaan Jaferi', 'Hardik Thakkar', 'Ali Mir', 'Shaan Grover', 'M.K. Raina', 'Ivan Rodrigues']",['Vandana Kataria']
s2440,TV Show,Glitter Force Doki Doki,Go Koga,"Debi Derryberry, Cassandra Morris, Melissa Fahn, Stephanie Sheh, Erica Lindbeck, Kate Higgins, Cherami Leigh, Tara Sands, Bryce Papenbrook, Erica Mendez, Ray Chase, Carrie Keranen, Ben Diskin, Grant George, Kirk Thornton",Japan,"November 10, 2017",TV-Y7,2 Seasons,"Anime Series, Kids' TV",Four girls summon their inner superheroes to defend Earth and the magical kingdom of Splendorius from King Mercenare and his minions.,2017,,,2,seasons,['TV Show'],['Japan'],"['Debi Derryberry', 'Cassandra Morris', 'Melissa Fahn', 'Stephanie Sheh', 'Erica Lindbeck', 'Kate Higgins', 'Cherami Leigh', 'Tara Sands', 'Bryce Papenbrook', 'Erica Mendez', 'Ray Chase', 'Carrie Keranen', 'Ben Diskin', 'Grant George', 'Kirk Thornton']",['Go Koga']
s80,Movie,20 Feet From Stardom,Morgan Neville,"Darlene Love, Merry Clayton, Lisa Fischer, Táta Vega, Claudia Lennear, Judith Hill, Bruce Springsteen, Mick Jagger, Stevie Wonder, Sting, Bette Midler, Cissy Houston, Sheryl Crow, Tata Vega",United States,"September 22, 2018",PG-13,91 min,"Documentaries, Music & Musicals","Winner of the 2014 Academy Award for Best Documentary Feature, this film takes a look at the world of backup vocalists and the legends they support.",2018,,,91,minutes,['Movie'],['United States'],"['Darlene Love', 'Merry Clayton', 'Lisa Fischer', 'Táta Vega', 'Claudia Lennear', 'Judith Hill', 'Bruce Springsteen', 'Mick Jagger', 'Stevie Wonder', 'Sting', 'Bette Midler', 'Cissy Houston', 'Sheryl Crow', 'Tata Vega']",['Morgan Neville']
s6621,Movie,The Lost Okoroshi,Abba T. Makama,"Seun Ajayi, Judith Audu, Tope Tedela, Ifu Ennada, Chiwetalu Agu, Demi Banwo, Ibrahim Jammal, Micheal Ajotubu, Ozzy Agu, Cristabel Goddy",Nigeria,"September 4, 2020",TV-MA,94 min,"Comedies, Dramas, Independent Movies","A disillusioned security guard transforms into a masquerade, channeling ancestral spirits as he roams the streets of Lagos.",2020,,,94,minutes,['Movie'],['Nigeria'],"['Seun Ajayi', 'Judith Audu', 'Tope Tedela', 'Ifu Ennada', 'Chiwetalu Agu', 'Demi Banwo', 'Ibrahim Jammal', 'Micheal Ajotubu', 'Ozzy Agu', 'Cristabel Goddy']",['Abba T. Makama']
s7090,Movie,Tim Allen: Men Are Pigs,Ellen Brown,Tim Allen,United States,"December 31, 2018",TV-MA,30 min,Stand-Up Comedy,"Standup comedian Tim Allen delivers a set dedicated to ""men stuff"" like lawn care, power tools and why he grunts like an animal.",2018,,,30,minutes,['Movie'],['United States'],['Tim Allen'],['Ellen Brown']
s6430,TV Show,The Guest,,"Kim Dong-wook, Kim Jae-uk, Jung Eun-chae, Ahn Nae-sang, Lee Won-jong, Park Ho-san",South Korea,"December 1, 2020",TV-14,1 Season,"International TV Shows, TV Horror, TV Mysteries","Bound together by a tragic past, a psychic, a priest and a detective join forces to take down a powerful spirit that's driven by bloodthirst.",2020,,,1,seasons,['TV Show'],['South Korea'],"['Kim Dong-wook', 'Kim Jae-uk', 'Jung Eun-chae', 'Ahn Nae-sang', 'Lee Won-jong', 'Park Ho-san']",[]
s1756,Movie,Digs & Discoveries: Mines of Mystery,Joey So,"Joseph May, Flaminia Cinque, Anna Francolini, Teresa Gallagher, Montserrat Lombard, Antonio Magro, Vincenzo Nicoli",,"March 15, 2020",TV-Y,23 min,Children & Family Movies,"Amidst Italy's ancient sites and hidden treasures, Thomas is inspired to make his own special discovery, sending him on a journey to find a lost legend.",2020,,,23,minutes,['Movie'],[],"['Joseph May', 'Flaminia Cinque', 'Anna Francolini', 'Teresa Gallagher', 'Montserrat Lombard', 'Antonio Magro', 'Vincenzo Nicoli']",['Joey So']
s5482,Movie,See You Yesterday,Stefon Bristol,"Eden Duncan-Smith, Dante Crichlow, Astro, Johnathan Nieves, Marsha Stephanie Blake, Wavyy Jonez, Myra Lucretia Taylor",United States,"May 17, 2019",TV-MA,87 min,"Dramas, Sci-Fi & Fantasy, Thrillers","As two teen prodigies try to master the art of time travel, a tragic police shooting sends them on a series of dangerous trips to the past.",2019,,,87,minutes,['Movie'],['United States'],"['Eden Duncan-Smith', 'Dante Crichlow', 'Astro', 'Johnathan Nieves', 'Marsha Stephanie Blake', 'Wavyy Jonez', 'Myra Lucretia Taylor']",['Stefon Bristol']
s4906,Movie,Pooja Kiven Aa,Nidhi Sharma,"Miss Pooja, Tarun Khanna, Raj Singh Jhinger, Sahil Vedoliyaa, B.N. Sharma, Manoj Joshi, Anita Shabdeesh, Sardar Sohi",India,"October 1, 2018",TV-PG,122 min,"Comedies, International Movies, Music & Musicals","When a woman arrives in Mumbai and hires three spirited boys to care for her estate, she discovers they're more trustworthy than her family members.",2018,,,122,minutes,['Movie'],['India'],"['Miss Pooja', 'Tarun Khanna', 'Raj Singh Jhinger', 'Sahil Vedoliyaa', 'B.N. Sharma', 'Manoj Joshi', 'Anita Shabdeesh', 'Sardar Sohi']",['Nidhi Sharma']
s4232,Movie,Moshe Kasher: Live in Oakland,Jay Chapman,Moshe Kasher,United States,"January 1, 2019",TV-MA,61 min,Stand-Up Comedy,Comic Moshe Kasher returns to his home turf of Oakland for this stand-up special that has him sharing uproarious stories about the people he's met.,2019,,,61,minutes,['Movie'],['United States'],['Moshe Kasher'],['Jay Chapman']
s5635,Movie,Sinister Circle,Dorian Fernández-Moris,"Milene Vázquez, Matías Raygada, Claudia Dammert, Marcello Rivera, Atilia Boschetti, Hernán Romero, Ismael Contreras, Pietro Sibille, Leslie Shaw",Peru,"October 1, 2019",TV-MA,87 min,"Horror Movies, International Movies",A psychologist and her mute son confront evil forces at the site of a terrible tragedy involving an ancestral Ouija board and a demonic secret society.,2019,,,87,minutes,['Movie'],['Peru'],"['Milene Vázquez', 'Matías Raygada', 'Claudia Dammert', 'Marcello Rivera', 'Atilia Boschetti', 'Hernán Romero', 'Ismael Contreras', 'Pietro Sibille', 'Leslie Shaw']",['Dorian Fernández-Moris']
s6893,Movie,The Spiderwick Chronicles,Mark Waters,"Freddie Highmore, Mary-Louise Parker, Sarah Bolger, Joan Plowright, David Strathairn, Nick Nolte, Seth Rogen, Andrew McCarthy, Martin Short",United States,"March 1, 2019",PG,97 min,Children & Family Movies,"When city-raised twins move to a tumbledown country mansion, it's quite an adjustment – especially after they uncover a magical fantasy world.",2019,,,97,minutes,['Movie'],['United States'],"['Freddie Highmore', 'Mary-Louise Parker', 'Sarah Bolger', 'Joan Plowright', 'David Strathairn', 'Nick Nolte', 'Seth Rogen', 'Andrew McCarthy', 'Martin Short']",['Mark Waters']
s7653,Movie,Wolves,Bart Freundlich,"Michael Shannon, Carla Gugino, Taylor John Smith, Chris Bauer, John Douglas Thompson, Zazie Beetz, Wayne Duvall, Christopher Meyer, Richard Kohnke",United States,"March 29, 2019",R,109 min,"Dramas, Independent Movies, Sports Movies",A promising high school basketball player has his eye on an Ivy League scholarship. But his father's secret addictions could ruin everything.,2019,,,109,minutes,['Movie'],['United States'],"['Michael Shannon', 'Carla Gugino', 'Taylor John Smith', 'Chris Bauer', 'John Douglas Thompson', 'Zazie Beetz', 'Wayne Duvall', 'Christopher Meyer', 'Richard Kohnke']",['Bart Freundlich']
s5247,Movie,Rocky II,Sylvester Stallone,"Sylvester Stallone, Talia Shire, Burt Young, Carl Weathers, Burgess Meredith, Tony Burton, Joe Spinell, Leonard Gaines, John Pleshette, Sylvia Meals",United States,"August 1, 2019",PG,119 min,"Dramas, Sports Movies","Featuring a rousing climax, this engaging sequel finds boxer Rocky Balboa returning to the ring for a rematch against reigning champ Apollo Creed.",2019,,,119,minutes,['Movie'],['United States'],"['Sylvester Stallone', 'Talia Shire', 'Burt Young', 'Carl Weathers', 'Burgess Meredith', 'Tony Burton', 'Joe Spinell', 'Leonard Gaines', 'John Pleshette', 'Sylvia Meals']",['Sylvester Stallone']
s5382,Movie,Santa Claws,Glenn Miller,"Nicola Lambo, Evan Boymel, John P. Fowler, Erica Duke, Ezra James Colbert",United States,"November 17, 2017",TV-PG,86 min,"Children & Family Movies, Comedies","When a gift sack full of kittens gives Santa a bad allergic reaction, the kitties have to take over and deliver the presents on time.",2017,,,86,minutes,['Movie'],['United States'],"['Nicola Lambo', 'Evan Boymel', 'John P. Fowler', 'Erica Duke', 'Ezra James Colbert']",['Glenn Miller']
s6341,Movie,The Eyes of My Mother,Nicolas Pesce,"Kika Magalhães, Olivia Bond, Will Brill, Flora Diaz, Paul Nazak, Clara Wong, Diana Agostini",United States,"April 6, 2017",R,76 min,"Horror Movies, Independent Movies","At the remote farmhouse where she once witnessed a traumatic childhood event, a young woman develops a grisly fascination with violence.",2017,,,76,minutes,['Movie'],['United States'],"['Kika Magalhães', 'Olivia Bond', 'Will Brill', 'Flora Diaz', 'Paul Nazak', 'Clara Wong', 'Diana Agostini']",['Nicolas Pesce']
s7079,Movie,Tiffany Haddish: Black Mitzvah,Linda Mendoza,Tiffany Haddish,United States,"December 3, 2019",TV-MA,56 min,Stand-Up Comedy,"On her 40th birthday, Tiffany Haddish drops a bombastic special studded with singing, dancing and raunchy reflections on her long road to womanhood.",2019,,,56,minutes,['Movie'],['United States'],['Tiffany Haddish'],['Linda Mendoza']
s4528,Movie,NOVA: Eclipse Over America,Martin Gorst,,United States,"July 1, 2019",TV-G,53 min,Documentaries,"Scientists reveal how the 2017 solar eclipse provided new clues into how the sun works, from its scorching atmosphere to its deadly solar storms.",2019,,,53,minutes,['Movie'],['United States'],[],['Martin Gorst']
s1427,Movie,Cloudy with a Chance of Meatballs,"Phil Lord, Christopher Miller","Bill Hader, Anna Faris, James Caan, Andy Samberg, Bruce Campbell, Mr. T, Bobb'e J. Thompson, Benjamin Bratt, Neil Patrick Harris, Al Roker",United States,"January 1, 2021",PG,90 min,"Children & Family Movies, Comedies, Sci-Fi & Fantasy","When inventor Flint Lockwood makes clouds rain food, the citizens of Chewandswallow can feed themselves. But a bowl of disaster is about to overflow.",2021,,,90,minutes,['Movie'],['United States'],"['Bill Hader', 'Anna Faris', 'James Caan', 'Andy Samberg', 'Bruce Campbell', 'Mr. T', ""Bobb'e J. Thompson"", 'Benjamin Bratt', 'Neil Patrick Harris', 'Al Roker']","['Phil Lord', 'Christopher Miller']"
s2996,Movie,Inequality for All,Jacob Kornbluth,Robert Reich,United States,"August 29, 2018",PG,90 min,Documentaries,Former U.S. Labor Secretary Robert Reich makes a compelling case about the serious crisis the U.S. faces due to the widening economic gap.,2018,,,90,minutes,['Movie'],['United States'],['Robert Reich'],['Jacob Kornbluth']
s7613,TV Show,"Whose Vote Counts, Explained",,,United States,"September 28, 2020",TV-PG,1 Season,Docuseries,"The right to vote is at the foundation of America's democracy. But not every vote is created equal. How does the system work, and can it be fixed?",2020,,,1,seasons,['TV Show'],['United States'],[],[]
s5518,Movie,Seven Sundays,Cathy Garcia-Molina,"Ronaldo Valdez, Aga Muhlach, Dingdong Dantes, Enrique Gil, Cristine Reyes, Donita Rose, Ketchup Eusebio, Kean Cipriano",Philippines,"March 14, 2019",TV-MA,128 min,"Comedies, Dramas, International Movies","A dying father asks his busy and grown children to spend their Sundays with him, forcing his family to confront their issues before it's too late.",2019,,,128,minutes,['Movie'],['Philippines'],"['Ronaldo Valdez', 'Aga Muhlach', 'Dingdong Dantes', 'Enrique Gil', 'Cristine Reyes', 'Donita Rose', 'Ketchup Eusebio', 'Kean Cipriano']",['Cathy Garcia-Molina']
s555,Movie,Antoine Griezmann: The Making of a Legend,,,,"March 21, 2019",TV-PG,60 min,"Documentaries, International Movies, Sports Movies","With heart and determination, Antoine Griezmann overcame his small stature to become one of the world’s top soccer players and a World Cup champion.",2019,,,60,minutes,['Movie'],[],[],[]
s4369,Movie,My Wife and My Wifey,Moataz El Tony,"Ramez Galal, Shery Adel, Hassan Hosny, Samy Maghawry, Youssef Eid, Raja Al-Jeddawi, Edward",,"April 18, 2019",TV-14,99 min,"Comedies, International Movies",A man finds his marriage to a dedicated women's rights activist facing some unexpected challenges over her commitment to the cause.,2019,,,99,minutes,['Movie'],[],"['Ramez Galal', 'Shery Adel', 'Hassan Hosny', 'Samy Maghawry', 'Youssef Eid', 'Raja Al-Jeddawi', 'Edward']",['Moataz El Tony']
s7775,Movie,Zodiac,David Fincher,"Mark Ruffalo, Jake Gyllenhaal, Robert Downey Jr., Anthony Edwards, Brian Cox, Elias Koteas, Donal Logue, John Carroll Lynch, Dermot Mulroney, Chloë Sevigny",United States,"November 20, 2019",R,158 min,"Cult Movies, Dramas, Thrillers","A political cartoonist, a crime reporter and a pair of cops investigate San Francisco's infamous Zodiac Killer in this thriller based on a true story.",2019,,,158,minutes,['Movie'],['United States'],"['Mark Ruffalo', 'Jake Gyllenhaal', 'Robert Downey Jr.', 'Anthony Edwards', 'Brian Cox', 'Elias Koteas', 'Donal Logue', 'John Carroll Lynch', 'Dermot Mulroney', 'Chloë Sevigny']",['David Fincher']
s4653,TV Show,One on One,,"Flex Alexander, Kyla Pratt, Kelly Perine, Sicily Johnson, Robert Ri'chard",United States,"October 15, 2020",TV-14,5 Seasons,"TV Comedies, Teen TV Shows","When his ex-wife lands a job abroad, athlete-turned-sportscaster Flex Washington assumes full-time custody of their teenage daughter, Breanna.",2020,,,5,seasons,['TV Show'],['United States'],"['Flex Alexander', 'Kyla Pratt', 'Kelly Perine', 'Sicily Johnson', ""Robert Ri'chard""]",[]
s6272,Movie,The Daughter,Simon Stone,"Geoffrey Rush, Ewen Leslie, Paul Schneider, Miranda Otto, Anna Torv, Odessa Young, Sam Neill",Australia,"April 26, 2017",TV-MA,95 min,Dramas,"Having returned home for his cagey father's wedding, an estranged man gets to know his childhood friend's family and uncovers a devastating secret.",2017,,,95,minutes,['Movie'],['Australia'],"['Geoffrey Rush', 'Ewen Leslie', 'Paul Schneider', 'Miranda Otto', 'Anna Torv', 'Odessa Young', 'Sam Neill']",['Simon Stone']
s648,Movie,Azhar,Anthony D'Souza,"Emraan Hashmi, Prachi Desai, Nargis Fakhri, Lara Dutta, Kunaal Roy Kapur, Gautam Gulati, Anikie Maguire, Kulbhushan Kharbanda, Rajesh Sharma, Shernaz Patel, Veerendra Saxena",India,"April 12, 2019",TV-14,129 min,"Dramas, International Movies, Sports Movies","This biopic traces the tumultuous life and career of top cricket player Mohammad Azharuddin, who led India's national team in the 1990s.",2019,,,129,minutes,['Movie'],['India'],"['Emraan Hashmi', 'Prachi Desai', 'Nargis Fakhri', 'Lara Dutta', 'Kunaal Roy Kapur', 'Gautam Gulati', 'Anikie Maguire', 'Kulbhushan Kharbanda', 'Rajesh Sharma', 'Shernaz Patel', 'Veerendra Saxena']","[""Anthony D'Souza""]"
s7497,Movie,We Are Family,Sidharth Malhotra,"Kajol, Kareena Kapoor, Arjun Rampal, Nominath Ginsberg, Iravati Harshe, Aachal Munjal, Diya Sonecha","India, Australia","October 1, 2018",TV-14,119 min,"Dramas, International Movies",A divorced mother of three children runs a happy household – until her former husband brings his new career-oriented girlfriend into the picture.,2018,,,119,minutes,['Movie'],"['India', 'Australia']","['Kajol', 'Kareena Kapoor', 'Arjun Rampal', 'Nominath Ginsberg', 'Iravati Harshe', 'Aachal Munjal', 'Diya Sonecha']",['Sidharth Malhotra']
s2693,Movie,Hello Brother,Sohail Khan,"Salman Khan, Arbaaz Khan, Rani Mukerji, Johny Lever, Neeraj Vora, Shakti Kapoor, Razak Khan, Sulabha Arya",India,"January 4, 2021",TV-14,126 min,"Action & Adventure, Comedies, International Movies","After receiving a heart transplant from a murdered man, a cop is followed around by the victim’s ghost, who won’t rest until his death has been avenged.",2021,,,126,minutes,['Movie'],['India'],"['Salman Khan', 'Arbaaz Khan', 'Rani Mukerji', 'Johny Lever', 'Neeraj Vora', 'Shakti Kapoor', 'Razak Khan', 'Sulabha Arya']",['Sohail Khan']
s234,Movie,A StoryBots Christmas,"Evan Spiridellis, Jeff Gill","Edward Asner, Judy Greer, Erin Fitzgerald, Fred Tatasciore, Jeff Gill, Gregg Spiridellis, Evan Spiridellis, Jim Meskimen, Nate Theis",United States,"December 1, 2017",TV-Y,26 min,"Children & Family Movies, Comedies","Bo thinks her holiday gift-giving isn't good enough, so she heads north to study under Santa Claus – only to find he's missing.",2017,,,26,minutes,['Movie'],['United States'],"['Edward Asner', 'Judy Greer', 'Erin Fitzgerald', 'Fred Tatasciore', 'Jeff Gill', 'Gregg Spiridellis', 'Evan Spiridellis', 'Jim Meskimen', 'Nate Theis']","['Evan Spiridellis', 'Jeff Gill']"
s5783,TV Show,Stand Up and Away! with Brian Regan,,Brian Regan,United States,"December 24, 2018",TV-PG,1 Season,"Stand-Up Comedy & Talk Shows, TV Comedies",Brian Regan blends his trademark observational stand-up with short sketches and a bit of audience interaction in this hybrid comedy series.,2018,,,1,seasons,['TV Show'],['United States'],['Brian Regan'],[]
s3304,Movie,Kapoor & Sons,Shakun Batra,"Rishi Kapoor, Sidharth Malhotra, Fawad Khan, Alia Bhatt, Ratna Pathak Shah, Rajat Kapoor",India,"April 1, 2020",TV-14,138 min,"Comedies, Dramas, International Movies","Returning home to visit their ill grandfather, two estranged brothers must confront their unresolved rivalry while their parents’ marriage frays.",2020,,,138,minutes,['Movie'],['India'],"['Rishi Kapoor', 'Sidharth Malhotra', 'Fawad Khan', 'Alia Bhatt', 'Ratna Pathak Shah', 'Rajat Kapoor']",['Shakun Batra']
s1194,TV Show,"Can't Cope, Won't Cope",,"Seána Kerslake, Nika McGuigan, Sheila Moylette, Muiris Crowley, Steve Blount, Amy Huberman, Laurence O'Fuarain, Seán Óg Cairns, Hannah Sheehan, Peter Campion",Ireland,"May 28, 2020",TV-MA,2 Seasons,"TV Comedies, TV Dramas","In Dublin, friends Aisling and Danielle must come to terms with adulthood when their millennial hijinks and hangovers begin to wear off.",2020,,,2,seasons,['TV Show'],['Ireland'],"['Seána Kerslake', 'Nika McGuigan', 'Sheila Moylette', 'Muiris Crowley', 'Steve Blount', 'Amy Huberman', ""Laurence O'Fuarain"", 'Seán Óg Cairns', 'Hannah Sheehan', 'Peter Campion']",[]
s170,Movie,A Family Affair,Tom Fassaert,Tom Fassaert,"Netherlands, Denmark, South Africa","October 16, 2016",TV-PG,111 min,"Documentaries, International Movies",The filmmaker hunts for the missing puzzle pieces of his family history during a visit with a complex and controversial figure: his grandmother.,2016,,,111,minutes,['Movie'],"['Netherlands', 'Denmark', 'South Africa']",['Tom Fassaert'],['Tom Fassaert']
s1347,TV Show,Chocolate,,"Ha Ji-won, Yoon Kye-sang, Jang Seung-jo, Kang Bu-ja, Lee Jae-ryong, Min Jin-woong, Kim Won-hae, Yoo Teo",South Korea,"November 30, 2019",TV-14,1 Season,"International TV Shows, Korean TV Shows, Romantic TV Shows","Brought together by meaningful meals in the past and present, a doctor and a chef are reacquainted when they begin working at a hospice ward.",2019,,,1,seasons,['TV Show'],['South Korea'],"['Ha Ji-won', 'Yoon Kye-sang', 'Jang Seung-jo', 'Kang Bu-ja', 'Lee Jae-ryong', 'Min Jin-woong', 'Kim Won-hae', 'Yoo Teo']",[]
s3950,Movie,Marriage Story,Noah Baumbach,"Scarlett Johansson, Adam Driver, Laura Dern, Alan Alda, Ray Liotta, Julie Hagerty, Merritt Wever, Azhy Robertson","United Kingdom, United States","December 6, 2019",R,137 min,Dramas,Academy Award-nominated filmmaker Noah Baumbach directs this incisive and compassionate look at a marriage coming apart and a family staying together.,2019,,,137,minutes,['Movie'],"['United Kingdom', 'United States']","['Scarlett Johansson', 'Adam Driver', 'Laura Dern', 'Alan Alda', 'Ray Liotta', 'Julie Hagerty', 'Merritt Wever', 'Azhy Robertson']",['Noah Baumbach']
s6537,Movie,The Kissing Booth 2,Vince Marcello,"Joey King, Joel Courtney, Jacob Elordi, Molly Ringwald, Taylor Zakhar Perez, Maisie Richardson-Sellers, Meganne Young","United Kingdom, United States","July 24, 2020",TV-14,133 min,"Comedies, Romantic Movies","With college decisions looming, Elle juggles her long-distance romance with Noah, changing relationship with bestie Lee and feelings for a new classmate.",2020,,,133,minutes,['Movie'],"['United Kingdom', 'United States']","['Joey King', 'Joel Courtney', 'Jacob Elordi', 'Molly Ringwald', 'Taylor Zakhar Perez', 'Maisie Richardson-Sellers', 'Meganne Young']",['Vince Marcello']
s1729,TV Show,Devilman Crybaby,Masaaki Yuasa,"Kouki Uchiyama, Ayumu Murase, Megumi Han, Ami Koshimizu, Atsuko Tanaka, Rikiya Koyama, Avu-chan, Kenjiro Tsuda, KEN THE 390, Subaru Kimura, Young Dais, Hannya, AFRA",Japan,"January 5, 2018",TV-MA,1 Season,"Anime Series, International TV Shows, TV Horror","With demons reawakened and humanity in turmoil, a sensitive demon-boy is led into a brutal, degenerate war against evil by his mysterious friend, Ryo.",2018,,,1,seasons,['TV Show'],['Japan'],"['Kouki Uchiyama', 'Ayumu Murase', 'Megumi Han', 'Ami Koshimizu', 'Atsuko Tanaka', 'Rikiya Koyama', 'Avu-chan', 'Kenjiro Tsuda', 'KEN THE 390', 'Subaru Kimura', 'Young Dais', 'Hannya', 'AFRA']",['Masaaki Yuasa']
s7534,TV Show,Well-Intended Love,,"Xu Kaicheng, Simona Wang, Ian Yi, Huang Qian Shuo, Yang Hao Ming, Liu Jia Xi",China,"April 1, 2020",TV-14,2 Seasons,"International TV Shows, Romantic TV Shows, TV Comedies","To secure a bone marrow donation, an actress diagnosed with leukemia makes a marriage pact with a young CEO – but love and secrets get in the way.",2020,,,2,seasons,['TV Show'],['China'],"['Xu Kaicheng', 'Simona Wang', 'Ian Yi', 'Huang Qian Shuo', 'Yang Hao Ming', 'Liu Jia Xi']",[]
s6089,Movie,The Apostate,Federico Veiroj,"Álvaro Ogalla, Marta Larralde, Bárbara Lennie, Vicky Peña, Juan Calot, Kaiet Rodriguez, Andrés Gertrúdix, Joaquín Climent, Álvaro Roig, Tino Martinez, Mercedes Hoyos","Spain, France, Uruguay","May 10, 2017",TV-MA,80 min,"Comedies, Dramas, International Movies",A young man determined to renounce Catholicism by having his baptismal records excised is thwarted by church bureaucracy and his own inner conflicts.,2017,,,80,minutes,['Movie'],"['Spain', 'France', 'Uruguay']","['Álvaro Ogalla', 'Marta Larralde', 'Bárbara Lennie', 'Vicky Peña', 'Juan Calot', 'Kaiet Rodriguez', 'Andrés Gertrúdix', 'Joaquín Climent', 'Álvaro Roig', 'Tino Martinez', 'Mercedes Hoyos']",['Federico Veiroj']
s1635,Movie,David Batra: Elefanten i rummet,"David Batra, Jon Rudberg",David Batra,Sweden,"April 1, 2020",TV-MA,77 min,Stand-Up Comedy,Swedish comedian David Batra gets personal as he playfully details the perks and pitfalls of being married to a recently resigned political leader.,2020,,,77,minutes,['Movie'],['Sweden'],['David Batra'],"['David Batra', 'Jon Rudberg']"
s4316,Movie,My Ex & Whys,Cathy Garcia-Molina,"Liza Soberano, Enrique Gil, Joey Marquez, Cai Cortez, Arlene Muchlach, Ara Mina, Ryan Bang, Joross Gamboa, Jeffrey Tam, Neils Coleta",Philippines,"February 27, 2019",TV-14,121 min,"Comedies, Dramas, International Movies","Popular blogger Cali is hired for a marketing campaign alongside another viral sensation: her ex-boyfriend Gio, who's intent on winning her back.",2019,,,121,minutes,['Movie'],['Philippines'],"['Liza Soberano', 'Enrique Gil', 'Joey Marquez', 'Cai Cortez', 'Arlene Muchlach', 'Ara Mina', 'Ryan Bang', 'Joross Gamboa', 'Jeffrey Tam', 'Neils Coleta']",['Cathy Garcia-Molina']
s3642,Movie,Lila & Eve,Charles Stone III,"Viola Davis, Jennifer Lopez, Andre Royo, Shea Whigham, Aml Ameen, Chris Chalk, Will Brittain, Michole Briana White, Julius Tennon, Gino Vento, Yolonda Ross",United States,"February 6, 2016",R,94 min,"Dramas, Thrillers","After each of them loses a child to murder, two women who meet in a support group initiate their own investigation when the police are no help.",2016,,,94,minutes,['Movie'],['United States'],"['Viola Davis', 'Jennifer Lopez', 'Andre Royo', 'Shea Whigham', 'Aml Ameen', 'Chris Chalk', 'Will Brittain', 'Michole Briana White', 'Julius Tennon', 'Gino Vento', 'Yolonda Ross']",['Charles Stone III']
s6081,Movie,The American President,Rob Reiner,"Michael Douglas, Annette Bening, Martin Sheen, Michael J. Fox, David Paymer, Samantha Mathis, John Mahoney, Anna Deavere Smith, Nina Siemaszko, Wendie Malick, Shawna Waldron, Richard Dreyfuss, Joshua Malina",United States,"January 1, 2021",PG-13,113 min,"Comedies, Dramas, Romantic Movies",The widowed president strikes up a romance with a beautiful Washington lobbyist – but can the couple keep their private and political lives separate?,2021,,,113,minutes,['Movie'],['United States'],"['Michael Douglas', 'Annette Bening', 'Martin Sheen', 'Michael J. Fox', 'David Paymer', 'Samantha Mathis', 'John Mahoney', 'Anna Deavere Smith', 'Nina Siemaszko', 'Wendie Malick', 'Shawna Waldron', 'Richard Dreyfuss', 'Joshua Malina']",['Rob Reiner']
s7046,TV Show,Thieves of the Wood,,"Matteo Simoni, Tom Van Dyck, Stef Aerts, Anne-Laure Vandeputte, Jeroen Perceval, Charlotte Timmers, Dirk Roofthooft, Anemone Valcke",Belgium,"January 2, 2020",TV-MA,1 Season,"International TV Shows, TV Action & Adventure, TV Dramas",Charismatic highwayman Jan de Lichte leads the oppressed and downtrodden in a revolt against the corrupt aristocracy of 18th-century Flanders.,2020,,,1,seasons,['TV Show'],['Belgium'],"['Matteo Simoni', 'Tom Van Dyck', 'Stef Aerts', 'Anne-Laure Vandeputte', 'Jeroen Perceval', 'Charlotte Timmers', 'Dirk Roofthooft', 'Anemone Valcke']",[]
s7654,TV Show,Women Behind Bars,,,United States," November 1, 2016",TV-14,3 Seasons,"Crime TV Shows, Docuseries","This reality series recounts true stories of women who have been convicted for murder, including an in-depth examination of each crime.",2016,,,3,seasons,['TV Show'],['United States'],[],[]
s1624,Movie,Darra,Parveen Kumar,"Gurpreet Ghuggi, Happy Raikoti, Kartar Cheema, Sardar Sohi, Shavendra Mahal, Karamjit Anmol, Pammi Bai, Nirmal Rishi, Manpreet Saggu",India,"October 15, 2017",TV-14,121 min,"Dramas, International Movies","After returning from school and getting married, a popular farmer begins to arouse resentment and jealousy among those around him.",2017,,,121,minutes,['Movie'],['India'],"['Gurpreet Ghuggi', 'Happy Raikoti', 'Kartar Cheema', 'Sardar Sohi', 'Shavendra Mahal', 'Karamjit Anmol', 'Pammi Bai', 'Nirmal Rishi', 'Manpreet Saggu']",['Parveen Kumar']
s4715,Movie,Oversize Cops,"Chanon Yingyong, Phuwanit Pholdee","Sarun Cinsuvapala, Pramote Pathan, Suphachai Subprasert, Somyos Matures, Supavitch Nepremwattana, Nachjaree Horvejkul, Jatupone Chompoonich, Chertsak Pratumseesakhon",Thailand,"March 23, 2019",TV-MA,100 min,"Action & Adventure, Comedies, International Movies","While investigating a bank robbery, a squad of overweight police officers undergoes rigorous training to shed pounds.",2019,,,100,minutes,['Movie'],['Thailand'],"['Sarun Cinsuvapala', 'Pramote Pathan', 'Suphachai Subprasert', 'Somyos Matures', 'Supavitch Nepremwattana', 'Nachjaree Horvejkul', 'Jatupone Chompoonich', 'Chertsak Pratumseesakhon']","['Chanon Yingyong', 'Phuwanit Pholdee']"
s2389,Movie,Get Smart,Peter Segal,"Steve Carell, Anne Hathaway, Dwayne Johnson, Alan Arkin, Terence Stamp, Terry Crews, David Koechner, James Caan, Masi Oka, Nate Torrence, Bill Murray",United States,"April 1, 2019",PG-13,110 min,"Action & Adventure, Comedies","When the identities of secret agents are compromised, hapless Maxwell Smart teams with far more capable Agent 99 to thwart an evil terrorist group.",2019,,,110,minutes,['Movie'],['United States'],"['Steve Carell', 'Anne Hathaway', 'Dwayne Johnson', 'Alan Arkin', 'Terence Stamp', 'Terry Crews', 'David Koechner', 'James Caan', 'Masi Oka', 'Nate Torrence', 'Bill Murray']",['Peter Segal']
s7123,Movie,Toc Toc,Vicente Villanueva,"Paco León, Alexandra Jiménez, Rossy de Palma, Nuria Herrero, Adrián Lastra, Oscar Martínez, Inma Cuevas, Ana Rujas, Carolina Lapausa",Spain,"May 1, 2018",TV-MA,96 min,"Comedies, International Movies","A group of patients with OCD wait for their flight-delayed doctor to arrive for their appointments, forcing them to endure each other's oddball quirks.",2018,,,96,minutes,['Movie'],['Spain'],"['Paco León', 'Alexandra Jiménez', 'Rossy de Palma', 'Nuria Herrero', 'Adrián Lastra', 'Oscar Martínez', 'Inma Cuevas', 'Ana Rujas', 'Carolina Lapausa']",['Vicente Villanueva']
s1972,Movie,Elena,Petra Costa,,"Brazil, United States","September 1, 2019",TV-14,81 min,"Documentaries, International Movies","In this documentary, the director remembers a sister who left behind her life under Brazil’s dictatorship and moved to New York with dreams of acting.",2019,,,81,minutes,['Movie'],"['Brazil', 'United States']",[],['Petra Costa']
s7753,TV Show,Yummy Mummies,,"Lorinska Merrington, Jane Scandizzo, Rachel Watts, Maria DiGeronimo",Australia,"July 3, 2019",TV-MA,2 Seasons,"International TV Shows, Reality TV",It's drama Down Under when expectant mothers with model good looks and lavish lifestyles pull out all the stops to prepare for their new arrivals.,2019,,,2,seasons,['TV Show'],['Australia'],"['Lorinska Merrington', 'Jane Scandizzo', 'Rachel Watts', 'Maria DiGeronimo']",[]
s2821,Movie,Hot Girls Wanted,"Jill Bauer, Ronna Gradus",,United States,"May 29, 2015",TV-MA,83 min,Documentaries,"This 2015 Sundance Film Festival breakout documentary from producer Rashida Jones spotlights the ""amateur"" porn industry and the women it exploits.",2015,,,83,minutes,['Movie'],['United States'],[],"['Jill Bauer', 'Ronna Gradus']"
s2025,Movie,Escape from Mr. Lemoncello’s Library,Scott McAboy,"Casey Simpson, Breanna Yde, Klarke Pipkin, Angel Luis Rivera Jr., Russell Roberts, Ty Consiglio, Hayley Scherpenisse, Patti Allan, Katey Hoffman",United States,"November 2, 2019",TV-Y,69 min,Children & Family Movies,An eccentric game designer builds a library full of traps and tricks for a group of kids who score the chance to navigate his elaborate scavenger hunt.,2019,,,69,minutes,['Movie'],['United States'],"['Casey Simpson', 'Breanna Yde', 'Klarke Pipkin', 'Angel Luis Rivera Jr.', 'Russell Roberts', 'Ty Consiglio', 'Hayley Scherpenisse', 'Patti Allan', 'Katey Hoffman']",['Scott McAboy']
s1481,Movie,Concrete Football,"Jesse Adang, Syrine Boulanouar",,"Czech Republic, France","September 1, 2017",TV-MA,52 min,"Documentaries, International Movies, Sports Movies","The development of professional soccer worldwide owes a great debt to the soccer – or ""football"" – that is played on the streets of France.",2017,,,52,minutes,['Movie'],"['Czech Republic', 'France']",[],"['Jesse Adang', 'Syrine Boulanouar']"
s1719,Movie,Despite Everything,Gabriela Tagliavini,"Blanca Suárez, Macarena García, Amaia Salamanca, Belén Cuesta, Maxi Iglesias, Juan Diego, Joaquín Climent, Carlos Bardem, Emilio Gutiérrez Caba, Tito Valverde, Teresa Rabal, Rossy de Palma, Marisa Paredes",Spain,"May 3, 2019",TV-MA,79 min,"Comedies, International Movies, Romantic Movies","After their mother's death, four sisters learn a shocking family secret and embark on an adventure to discover the truth about their genealogy.",2019,,,79,minutes,['Movie'],['Spain'],"['Blanca Suárez', 'Macarena García', 'Amaia Salamanca', 'Belén Cuesta', 'Maxi Iglesias', 'Juan Diego', 'Joaquín Climent', 'Carlos Bardem', 'Emilio Gutiérrez Caba', 'Tito Valverde', 'Teresa Rabal', 'Rossy de Palma', 'Marisa Paredes']",['Gabriela Tagliavini']
s1455,TV Show,Cold Case Files,,,United States,"September 15, 2019",TV-14,1 Season,"Crime TV Shows, Docuseries",Masterful detectives utilize forensic science and criminal psychology to re-examine long-standing cases.,2019,,,1,seasons,['TV Show'],['United States'],[],[]
s997,Movie,Blue Is the Warmest Color,Abdellatif Kechiche,"Léa Seydoux, Adèle Exarchopoulos, Salim Kechiouche, Aurélien Recoing, Catherine Salée, Benjamin Siksou, Mona Walravens, Alma Jodorowsky, Jérémie Laheurte, Anne Loiret, Benoît Pilot, Sandor Funtek, Fanny Maurin","France, Belgium, Spain","August 26, 2016",NC-17,180 min,"Dramas, Independent Movies, International Movies","Determined to fall in love, 15-year-old Adele is focused on boys. But it's a blue-haired girl she meets on the street who really piques her interest.",2016,,,180,minutes,['Movie'],"['France', 'Belgium', 'Spain']","['Léa Seydoux', 'Adèle Exarchopoulos', 'Salim Kechiouche', 'Aurélien Recoing', 'Catherine Salée', 'Benjamin Siksou', 'Mona Walravens', 'Alma Jodorowsky', 'Jérémie Laheurte', 'Anne Loiret', 'Benoît Pilot', 'Sandor Funtek', 'Fanny Maurin']",['Abdellatif Kechiche']
s3663,Movie,Little Lunch: The Nightmare Before Graduation,Robyn Butler,"Flynn Curry, Olivia Deeble, Madison Lu, Oisín O'Leary, Faith Seci, Joshua Sitch, Heidi Arena, Wayne Hope",Australia,"March 15, 2018",TV-Y7,25 min,"Children & Family Movies, Comedies",Mrs. Gonsha's students are excited about the end of primary school – until they discover that a classmate might not move on with them.,2018,,,25,minutes,['Movie'],['Australia'],"['Flynn Curry', 'Olivia Deeble', 'Madison Lu', ""Oisín O'Leary"", 'Faith Seci', 'Joshua Sitch', 'Heidi Arena', 'Wayne Hope']",['Robyn Butler']
s6570,Movie,The Last Shaman,Raz Degan,James Freeman,"United Kingdom, Italy, Israel, Peru, United States","September 1, 2017",TV-14,83 min,"Documentaries, International Movies","In a last-ditch effort to prevent suicide, a clinically depressed young man travels to the Amazon to engage in an ancient hallucinatory ritual.",2017,,,83,minutes,['Movie'],"['United Kingdom', 'Italy', 'Israel', 'Peru', 'United States']",['James Freeman'],['Raz Degan']
s4230,Movie,Mortified Nation,Michael Mayer,,United States,"February 1, 2018",TV-MA,84 min,Documentaries,"This comic documentary follows the Mortified movement, a series of stage events where adults share awkward childhood moments in front of strangers.",2018,,,84,minutes,['Movie'],['United States'],[],['Michael Mayer']
s6889,TV Show,The Sound of Your Heart: Reboot,,"Sung Hoon, Kwon Yuri, Tae Hang-ho, Joo Jin-mo, Shim Hye-jin, Ji Su-won, Park Cheol-min, Kim Seong-won, Kang Yoon, Seo Eun-ah, Bae Yoon-kyung",South Korea,"December 3, 2018",TV-14,2 Seasons,"International TV Shows, Korean TV Shows, TV Comedies","Webtoonist Cho Seok is back with more anecdotes of mix-ups, unintended antics, and bathroom blunders in this reboot starring an all-new cast.",2018,,,2,seasons,['TV Show'],['South Korea'],"['Sung Hoon', 'Kwon Yuri', 'Tae Hang-ho', 'Joo Jin-mo', 'Shim Hye-jin', 'Ji Su-won', 'Park Cheol-min', 'Kim Seong-won', 'Kang Yoon', 'Seo Eun-ah', 'Bae Yoon-kyung']",[]
s4598,Movie,Okafor's Law,Omoni Oboli,,Nigeria,"December 13, 2019",TV-14,110 min,"Comedies, International Movies, Romantic Movies",An unapologetic lothario sets out to seduce three ex-flames – but gets an unexpected education in love along the way.,2019,,,110,minutes,['Movie'],['Nigeria'],[],['Omoni Oboli']
s3263,Movie,K-19: The Widowmaker,Kathryn Bigelow,"Harrison Ford, Liam Neeson, Peter Sarsgaard, Sam Spruell, Joss Ackland, Peter Stebbings, Christian Camargo, Sam Redford, John Shrapnel, Donald Sumpter","United Kingdom, Germany, Canada, United States","November 21, 2019",PG-13,138 min,"Action & Adventure, Dramas","On board Russia's first nuclear ballistic submarine, Capt. Vostrikov must race against time to prevent a Chernobyl-like explosion.",2019,,,138,minutes,['Movie'],"['United Kingdom', 'Germany', 'Canada', 'United States']","['Harrison Ford', 'Liam Neeson', 'Peter Sarsgaard', 'Sam Spruell', 'Joss Ackland', 'Peter Stebbings', 'Christian Camargo', 'Sam Redford', 'John Shrapnel', 'Donald Sumpter']",['Kathryn Bigelow']
s2313,Movie,FullMetal Alchemist,Fumihiko Sori,"Ryosuke Yamada, Tsubasa Honda, Dean Fujioka, Misako Renbutsu, Kanata Hongo, Shinji Uchiyama, Jun Kunimura, Yo Oizumi, Ryuta Sato, Fumiyo Kohinata, Yasuko Matsuyuki",Japan,"February 19, 2018",TV-PG,134 min,"Action & Adventure, Dramas, International Movies","While alchemist Edward Elric searches for a way to restore his brother Al's body, the military government and mysterious monsters are watching closely.",2018,,,134,minutes,['Movie'],['Japan'],"['Ryosuke Yamada', 'Tsubasa Honda', 'Dean Fujioka', 'Misako Renbutsu', 'Kanata Hongo', 'Shinji Uchiyama', 'Jun Kunimura', 'Yo Oizumi', 'Ryuta Sato', 'Fumiyo Kohinata', 'Yasuko Matsuyuki']",['Fumihiko Sori']
s2944,Movie,III Smoking Barrels,Sanjib Dey,"Subrat Dutta, Indraneil Sengupta, Mandakini Goswami, Amrita Chattopadhyay, Nalneesh Neel, Niloy Sankar Gupta, Shiny Gogoi, Siddharth Boro",India,"June 1, 2019",TV-MA,128 min,"Dramas, Independent Movies, International Movies","In three stories set in Northeast India, a child goes on the run, a young adult falls in with the wrong crowd and a desperate man turns to crime.",2019,,,128,minutes,['Movie'],['India'],"['Subrat Dutta', 'Indraneil Sengupta', 'Mandakini Goswami', 'Amrita Chattopadhyay', 'Nalneesh Neel', 'Niloy Sankar Gupta', 'Shiny Gogoi', 'Siddharth Boro']",['Sanjib Dey']
s6061,Movie,The Accidental Spy,Roger Russell,"Ramsey Nouah, Christine Allado, Ayo Makun, Emmanuel Edunjobi, Thenjiwe Moseley, Miguel A. Núñez Jr., Bucci Franklin",Nigeria,"November 29, 2019",TV-MA,104 min,"Action & Adventure, Comedies, International Movies","Nursing a broken heart, an IT specialist moves to London to audition for a reality TV show that unexpectedly turns into a real-life cartel drama.",2019,,,104,minutes,['Movie'],['Nigeria'],"['Ramsey Nouah', 'Christine Allado', 'Ayo Makun', 'Emmanuel Edunjobi', 'Thenjiwe Moseley', 'Miguel A. Núñez Jr.', 'Bucci Franklin']",['Roger Russell']
s4945,Movie,Power Rangers Samurai: Party Monsters (Halloween Special),,"Alex Heartman, Erika Fong, Hector David Jr., Najee De-Tiege, Brittany Anne Pirtle, Steven Skyler, Rene Naufahu, Felix Ryan, Paul Schrier, Ricardo Medina Jr.",United States,"January 1, 2016",TV-Y7,24 min,Movies,"On Halloween night, the creepiest creatures from the Netherworld trade war stories about their battles with the Samurai Power Rangers.",2016,,,24,minutes,['Movie'],['United States'],"['Alex Heartman', 'Erika Fong', 'Hector David Jr.', 'Najee De-Tiege', 'Brittany Anne Pirtle', 'Steven Skyler', 'Rene Naufahu', 'Felix Ryan', 'Paul Schrier', 'Ricardo Medina Jr.']",[]
s2400,Movie,Ghost Rider,Mark Steven Johnson,"Nicolas Cage, Eva Mendes, Wes Bentley, Sam Elliott, Donal Logue, Matt Long, Peter Fonda, Brett Cullen, Raquel Alessi, Laurence Breuls","United States, Australia","October 1, 2020",PG-13,110 min,"Action & Adventure, Sci-Fi & Fantasy","After selling his soul to save a loved one, daredevil biker Johnny Blaze pays the price by becoming a flame-skulled bounty hunter for Mephistopheles.",2020,,,110,minutes,['Movie'],"['United States', 'Australia']","['Nicolas Cage', 'Eva Mendes', 'Wes Bentley', 'Sam Elliott', 'Donal Logue', 'Matt Long', 'Peter Fonda', 'Brett Cullen', 'Raquel Alessi', 'Laurence Breuls']",['Mark Steven Johnson']
s3170,Movie,Jim Gaffigan: Mr. Universe,Jay Karas,Jim Gaffigan,United States,"August 11, 2016",TV-14,77 min,Stand-Up Comedy,"Funnyman Jim Gaffigan offers up his unique take on everything from Disney World to overweight whales in this live show from Washington, D.C.",2016,,,77,minutes,['Movie'],['United States'],['Jim Gaffigan'],['Jay Karas']
s2958,Movie,Imperial Dreams,Malik Vitthal,"John Boyega, Rotimi, Glenn Plummer, De'Aundre Bonds, Keke Palmer, Nora Zehetner, Todd Louiso",United States,"February 3, 2017",TV-MA,86 min,Dramas,"A young father returns home from jail eager to care for his son and become a writer, but crime, poverty and a flawed system threaten his plans.",2017,,,86,minutes,['Movie'],['United States'],"['John Boyega', 'Rotimi', 'Glenn Plummer', ""De'Aundre Bonds"", 'Keke Palmer', 'Nora Zehetner', 'Todd Louiso']",['Malik Vitthal']
s1567,TV Show,Dérè: An African Tale,,"Weruche Opia, Gbenro Ajibade, Ireti Doyle, Keppy Ekpenyong, Carol King, Shaffy Bello, Tosan Edremoda Ugbeye, Nina Iphechukwude Anyianuka, Pearl Nkiru Waturuocha, Emmanuel Ikubese, Omowunmi Dada, Paul Adams, Charles Ukpong, Monica Friday, Kevin Ushi",,"August 15, 2020",TV-PG,1 Season,"International TV Shows, Romantic TV Shows, TV Dramas","After experiencing a tragic loss, a woman must resist a new family dynamic that could control the future of her father's company and her life.",2020,,,1,seasons,['TV Show'],[],"['Weruche Opia', 'Gbenro Ajibade', 'Ireti Doyle', 'Keppy Ekpenyong', 'Carol King', 'Shaffy Bello', 'Tosan Edremoda Ugbeye', 'Nina Iphechukwude Anyianuka', 'Pearl Nkiru Waturuocha', 'Emmanuel Ikubese', 'Omowunmi Dada', 'Paul Adams', 'Charles Ukpong', 'Monica Friday', 'Kevin Ushi']",[]
s2998,Movie,Inglourious Basterds,Quentin Tarantino,"Brad Pitt, Mélanie Laurent, Christoph Waltz, Eli Roth, Michael Fassbender, Diane Kruger, Daniel Brühl, Til Schweiger, Gedeon Burkhard, Jacky Ido, B.J. Novak, Sylvester Groth, Martin Wuttke","Germany, United States","July 22, 2019",R,153 min,Action & Adventure,"A Jewish cinema owner in occupied Paris is forced to host a Nazi premiere, where a group of American soldiers called the Basterds plans a face-off.",2019,,,153,minutes,['Movie'],"['Germany', 'United States']","['Brad Pitt', 'Mélanie Laurent', 'Christoph Waltz', 'Eli Roth', 'Michael Fassbender', 'Diane Kruger', 'Daniel Brühl', 'Til Schweiger', 'Gedeon Burkhard', 'Jacky Ido', 'B.J. Novak', 'Sylvester Groth', 'Martin Wuttke']",['Quentin Tarantino']
s2178,Movie,Fireplace 4K: Classic Crackling Fireplace from Fireplace for Your Home,George Ford,,,"December 21, 2015",TV-G,60 min,Movies,"The first of its kind in UHD 4K, with the clearest picture available, a real fireplace sparks and crackles, adding warmth and atmosphere to any home.",2015,,,60,minutes,['Movie'],[],[],['George Ford']
s2466,Movie,GoldenEye,Martin Campbell,"Pierce Brosnan, Sean Bean, Izabella Scorupco, Famke Janssen, Joe Don Baker, Judi Dench, Robbie Coltrane, Gottfried John, Alan Cumming, Tchéky Karyo, Desmond Llewelyn, Samantha Bond, Michael Kitchen, Serena Gordon, Simon Kunz","United Kingdom, United States","December 31, 2019",PG-13,130 min,Action & Adventure,"Pierce Brosnan takes his first turn as debonair secret agent James Bond, who investigates the destruction of a Russian satellite weapons base.",2019,,,130,minutes,['Movie'],"['United Kingdom', 'United States']","['Pierce Brosnan', 'Sean Bean', 'Izabella Scorupco', 'Famke Janssen', 'Joe Don Baker', 'Judi Dench', 'Robbie Coltrane', 'Gottfried John', 'Alan Cumming', 'Tchéky Karyo', 'Desmond Llewelyn', 'Samantha Bond', 'Michael Kitchen', 'Serena Gordon', 'Simon Kunz']",['Martin Campbell']
s5309,Movie,Rush: Beyond the Lighted Stage,"Sam Dunn, Scot McFadyen",,Canada,"February 15, 2017",TV-MA,107 min,"Documentaries, Music & Musicals","Celebrate the remarkable 40-year career of influential Canadian rockers Rush with this documentary, which details the band's formation and evolution.",2017,,,107,minutes,['Movie'],['Canada'],[],"['Sam Dunn', 'Scot McFadyen']"
s7047,TV Show,ThirTEEN Terrors,,"Thanapatpisal Sananthachat, Panisara Montharat, Sutatta Udomsilp, Teetatch Ratanasritai, Fame Chawin Likitjareonpong, Paladesh Kemisara, Thiti Mahayotaruk, Napat Chokejindachai, Um Apasiri Nitibhon, Skye Nateeton Wongrawee, Narikun Ketprapakorn, Sirinya Tantipongwatana, Chutavuth Pattarakampol, Thanyanan Pipatchaisiri, Sirachuch Chienthaworn, Jirayus Khawbaimai, Gunn Junhavat, Pavadee Komchokpaisan, Nichaphat Chatchaipholrat, Natthida Trichaiya, Kanyawee Songmuang, Claudine Craig, Sarit Trilertvichien, Teeradon Supapunpinyo, Narupornkamol Chaisang, Atthaphan Poonsawas, Oabnithi Wiwattanawarang",Thailand,"March 1, 2019",TV-14,1 Season,"International TV Shows, TV Horror, TV Mysteries",A group of teens searches for the dark truth behind their school's mysterious and brutal history.,2019,,,1,seasons,['TV Show'],['Thailand'],"['Thanapatpisal Sananthachat', 'Panisara Montharat', 'Sutatta Udomsilp', 'Teetatch Ratanasritai', 'Fame Chawin Likitjareonpong', 'Paladesh Kemisara', 'Thiti Mahayotaruk', 'Napat Chokejindachai', 'Um Apasiri Nitibhon', 'Skye Nateeton Wongrawee', 'Narikun Ketprapakorn', 'Sirinya Tantipongwatana', 'Chutavuth Pattarakampol', 'Thanyanan Pipatchaisiri', 'Sirachuch Chienthaworn', 'Jirayus Khawbaimai', 'Gunn Junhavat', 'Pavadee Komchokpaisan', 'Nichaphat Chatchaipholrat', 'Natthida Trichaiya', 'Kanyawee Songmuang', 'Claudine Craig', 'Sarit Trilertvichien', 'Teeradon Supapunpinyo', 'Narupornkamol Chaisang', 'Atthaphan Poonsawas', 'Oabnithi Wiwattanawarang']",[]
s4601,Movie,Oklahoma City,Barak Goodman,,United States,"April 19, 2017",TV-14,102 min,Documentaries,Domestic terrorist Timothy McVeigh's bomb attack on an Oklahoma City federal building in 1995 is chronicled in this examination of the shocking event.,2017,,,102,minutes,['Movie'],['United States'],[],['Barak Goodman']
s2459,TV Show,Godzilla,"Kobun Shizuno, Hiroyuki Seshita","Mamoru Miyano, Takahiro Sakurai, Kana Hanazawa, Tomokazu Sugita, Yuki Kaji, Junichi Suwabe, Daisuke Ono, Kenta Miyake, Kenyu Horiuchi, Kazuya Nakai, Kazuhiro Yamaji",Japan,"January 17, 2018",TV-14,1 Season,TV Shows,"A desperate group of refugees attempts to recolonize Earth 20,000 years after Godzilla took over. But one young man wants revenge above all else.",2018,,,1,seasons,['TV Show'],['Japan'],"['Mamoru Miyano', 'Takahiro Sakurai', 'Kana Hanazawa', 'Tomokazu Sugita', 'Yuki Kaji', 'Junichi Suwabe', 'Daisuke Ono', 'Kenta Miyake', 'Kenyu Horiuchi', 'Kazuya Nakai', 'Kazuhiro Yamaji']","['Kobun Shizuno', 'Hiroyuki Seshita']"
s4708,Movie,Outlaw King,David Mackenzie,"Chris Pine, Aaron Taylor-Johnson, Florence Pugh, Billy Howle, Sam Spruell, Tony Curran, Callan Mulvey, James Cosmo, Stephen Dillane","United Kingdom, United States","November 9, 2018",R,122 min,"Action & Adventure, Dramas","In 14th-century Scotland, Robert the Bruce claims the crown and leads a fierce uprising to win back the country's independence from English rule.",2018,,,122,minutes,['Movie'],"['United Kingdom', 'United States']","['Chris Pine', 'Aaron Taylor-Johnson', 'Florence Pugh', 'Billy Howle', 'Sam Spruell', 'Tony Curran', 'Callan Mulvey', 'James Cosmo', 'Stephen Dillane']",['David Mackenzie']
s6969,TV Show,THE UNLISTED,,"Vrund Rao, Ved Rao, Abigail Adriano, Miah Madden, Jean Hinchliffe, Nya Cofie, Saba Zaidi Abdi, Nicholas Brown, Virginie Laverdure, Avishma Lohith, Zenia Starr, Suzi Dougherty, Aria Ferris, Danny Kim, Annabel Wolfe",Australia,"October 17, 2019",TV-PG,1 Season,"Kids' TV, TV Thrillers","When they learn of a secret plot to track and control kids, identical twins Dru and Kal team up with a band of runaway rebels to take back their world.",2019,,,1,seasons,['TV Show'],['Australia'],"['Vrund Rao', 'Ved Rao', 'Abigail Adriano', 'Miah Madden', 'Jean Hinchliffe', 'Nya Cofie', 'Saba Zaidi Abdi', 'Nicholas Brown', 'Virginie Laverdure', 'Avishma Lohith', 'Zenia Starr', 'Suzi Dougherty', 'Aria Ferris', 'Danny Kim', 'Annabel Wolfe']",[]
s7192,TV Show,Transformers: Cyberverse,,"Sophia Isabella, Jeremy Levy, Jacob Tillman, Ryan Andes, Deanna McGovern, Dick Terhune",,"September 7, 2020",TV-Y7,2 Seasons,Kids' TV,Optimus Prime and the AllSpark are missing – and only a memory-scrambled Bumblebee holds the key to finding them in this animated sci-fi series.,2020,,,2,seasons,['TV Show'],[],"['Sophia Isabella', 'Jeremy Levy', 'Jacob Tillman', 'Ryan Andes', 'Deanna McGovern', 'Dick Terhune']",[]
s4578,Movie,Offering to the Storm,Fernando González Molina,"Marta Etura, Leonardo Sbaraglia, Carlos Librado ""Nene"", Francesc Orella, Imanol Arias, Álvaro Cervantes, Itziar Aizpuru, Benn Northover, Marta Larralde, Alicia Sánchez, Eduardo Rosa, Angel Alkain, Ana Wagener, Paco Tous, Patricia López Arnaiz, Pedro Casablanc","Spain, Germany","July 24, 2020",TV-MA,140 min,"International Movies, Thrillers","Amaia investigates several suspicious infant deaths and horrific rituals. Meanwhile, people around her risk grave danger. Part 3 in the Baztan Trilogy.",2020,,,140,minutes,['Movie'],"['Spain', 'Germany']","['Marta Etura', 'Leonardo Sbaraglia', 'Carlos Librado ""Nene""', 'Francesc Orella', 'Imanol Arias', 'Álvaro Cervantes', 'Itziar Aizpuru', 'Benn Northover', 'Marta Larralde', 'Alicia Sánchez', 'Eduardo Rosa', 'Angel Alkain', 'Ana Wagener', 'Paco Tous', 'Patricia López Arnaiz', 'Pedro Casablanc']",['Fernando González Molina']
s577,TV Show,Argon,,"Woo-hee Chun, Joo-hyuk Kim, Won-sang Park",South Korea,"November 22, 2017",TV-MA,1 Season,"International TV Shows, Korean TV Shows, TV Dramas","In a world filled with provocative (and often misleading) news, a passionate team of investigative TV reporters strives to bring truths to light.",2017,,,1,seasons,['TV Show'],['South Korea'],"['Woo-hee Chun', 'Joo-hyuk Kim', 'Won-sang Park']",[]
s1946,Movie,El Camino: A Breaking Bad Movie,Vince Gilligan,Aaron Paul,United States,"October 11, 2019",TV-MA,123 min,"Dramas, Thrillers","Fugitive Jesse Pinkman attempts to outrun his past. Written and directed by ""Breaking Bad"" creator Vince Gilligan, starring Aaron Paul.",2019,,,123,minutes,['Movie'],['United States'],['Aaron Paul'],['Vince Gilligan']
s3465,Movie,Kung Fu Hustle,Stephen Chow,"Stephen Chow, Yuen Wah, Yuen Qiu, Lam Chi-chung, Dong Zhihua, Chiu Chi-ling, Xing Yu, Danny Chan Kwok-kwan, Leung Siu-lung","Hong Kong, China, United States","April 1, 2020",R,99 min,"Action & Adventure, Comedies, Cult Movies","Sing, a mobster in 1940s China, longs to be as cool as the formally clad Axe Gang, a band of killers who rule Hong Kong, but can only pretend.",2020,,,99,minutes,['Movie'],"['Hong Kong', 'China', 'United States']","['Stephen Chow', 'Yuen Wah', 'Yuen Qiu', 'Lam Chi-chung', 'Dong Zhihua', 'Chiu Chi-ling', 'Xing Yu', 'Danny Chan Kwok-kwan', 'Leung Siu-lung']",['Stephen Chow']
s7403,TV Show,Velvet Colección,,"Marta Hazas, Asier Etxeandía, Adrián Lastra, Diego Martín, Fernando Guallar, Llorenç González, Megan Montaner, Mónica Cruz, Marta Torné, Andrea Duro, Aitana Sánchez-Gijón, Adriana Ozores, Imanol Arias",Spain,"February 14, 2019",TV-14,2 Seasons,"International TV Shows, Romantic TV Shows, Spanish-Language TV Shows","In the late '60s, fashion designer Ana enlists friends Clara, Pedro and Raúl to open a store and design school in Barcelona in this ""Velvet"" spinoff.",2019,,,2,seasons,['TV Show'],['Spain'],"['Marta Hazas', 'Asier Etxeandía', 'Adrián Lastra', 'Diego Martín', 'Fernando Guallar', 'Llorenç González', 'Megan Montaner', 'Mónica Cruz', 'Marta Torné', 'Andrea Duro', 'Aitana Sánchez-Gijón', 'Adriana Ozores', 'Imanol Arias']",[]
s5613,TV Show,Simon,,"Loti Bailey, Hayden Connett, Keith Faulkner, Rudy Greatorex, Luke Haliwell, Jacob Preston, Joanna Ruiz, Alex Starke",France,"May 1, 2018",TV-Y,1 Season,Kids' TV,"With his vivid imagination, Simon the rabbit searches for fun while learning about the importance of responsibility and communication.",2018,,,1,seasons,['TV Show'],['France'],"['Loti Bailey', 'Hayden Connett', 'Keith Faulkner', 'Rudy Greatorex', 'Luke Haliwell', 'Jacob Preston', 'Joanna Ruiz', 'Alex Starke']",[]
s7350,Movie,Union Leader,Sanjay Patel,"Rahul Bhat, Tillotama Shome, Haresh Dagiya, Jayesh More, Tirth Sharma, Vivek Ghamande, Jay Vithlani, Mehul Buch","Canada, India","December 31, 2019",TV-14,105 min,"Dramas, Independent Movies, International Movies",Toxic conditions and a corrupt union leader prompt a chemical plant worker and earnest family man to fight for justice for his fellow laborers.,2019,,,105,minutes,['Movie'],"['Canada', 'India']","['Rahul Bhat', 'Tillotama Shome', 'Haresh Dagiya', 'Jayesh More', 'Tirth Sharma', 'Vivek Ghamande', 'Jay Vithlani', 'Mehul Buch']",['Sanjay Patel']
s1967,Movie,El testigo,Kate Horne,Jesús Abad Colorado,"Colombia, Peru, United Kingdom","June 28, 2019",TV-14,73 min,"Documentaries, International Movies",Colombian photojournalist Jesús Abad Colorado shares the stories behind a series of civil war photographs he captured throughout the '80s and '90s.,2019,,,73,minutes,['Movie'],"['Colombia', 'Peru', 'United Kingdom']",['Jesús Abad Colorado'],['Kate Horne']
s2685,TV Show,Heidi,,"Monique Hore, Sophia Morrison, Peter McAllum, Nicole Shostak, Jamie Croft, Beth Armstrong, Kate Fitzpatrick, Penny Cook, Charlotte Hamlyn, Tess Meyer","France, Australia, Germany","September 1, 2020",TV-Y7,1 Season,Kids' TV,A plucky young orphan sent to live with her grandfather in the mountains discovers wonder and adventure around every corner.,2020,,,1,seasons,['TV Show'],"['France', 'Australia', 'Germany']","['Monique Hore', 'Sophia Morrison', 'Peter McAllum', 'Nicole Shostak', 'Jamie Croft', 'Beth Armstrong', 'Kate Fitzpatrick', 'Penny Cook', 'Charlotte Hamlyn', 'Tess Meyer']",[]
s6739,Movie,The Panti Sisters,Jun Lana,"Paolo Ballesteros, Martin del Rosario, Christian Bables, John Arcilla, Carmi Martin, Rosanna Roces, Joross Gamboa, Via Antonio, Roxanne Barcelo",Philippines,"December 10, 2020",TV-MA,108 min,"Comedies, International Movies, LGBTQ Movies",Three gay siblings are told by their terminally ill father that they must each produce a grandchild in order to inherit their share of his fortune.,2020,,,108,minutes,['Movie'],['Philippines'],"['Paolo Ballesteros', 'Martin del Rosario', 'Christian Bables', 'John Arcilla', 'Carmi Martin', 'Rosanna Roces', 'Joross Gamboa', 'Via Antonio', 'Roxanne Barcelo']",['Jun Lana']
s764,Movie,Bathtubs Over Broadway,Dava Whisenant,Steve Young,United States,"May 9, 2019",PG-13,87 min,"Documentaries, Music & Musicals","A comedy writer for David Letterman unearths a hidden world of hilariously bizarre musicals, which turns into a toe-tapping obsession.",2019,,,87,minutes,['Movie'],['United States'],['Steve Young'],['Dava Whisenant']
s2819,TV Show,Hot Date,,"Emily Axford, Brian Murphy",United States,"October 1, 2018",TV-MA,1 Season,"Romantic TV Shows, TV Comedies",Interconnected sketches and performances skewer the madness and misunderstandings of modern relationships.,2018,,,1,seasons,['TV Show'],['United States'],"['Emily Axford', 'Brian Murphy']",[]
s5568,TV Show,Shine On with Reese,,Reese Witherspoon,United States,"October 29, 2019",TV-MA,1 Season,"Docuseries, Stand-Up Comedy & Talk Shows","In a talk show straight from the heart, actor and producer Reese Witherspoon visits with groundbreaking women to discuss their inspiring journeys.",2019,,,1,seasons,['TV Show'],['United States'],['Reese Witherspoon'],[]
s5605,Movie,Silencer,Timothy Woodward Jr.,"Johnny Messner, Danny Trejo, Tito Ortiz, Chuck Liddell, Robert LaSardo, Nikki Leigh, Kai Scarlett Williams, Marlene Marquez",United States,"December 3, 2018",TV-MA,88 min,"Action & Adventure, Independent Movies","When a drug lord kidnaps his girlfriend’s daughter, a retired assassin leaves his newly peaceful life to go on a ruthless rampage to rescue the child.",2018,,,88,minutes,['Movie'],['United States'],"['Johnny Messner', 'Danny Trejo', 'Tito Ortiz', 'Chuck Liddell', 'Robert LaSardo', 'Nikki Leigh', 'Kai Scarlett Williams', 'Marlene Marquez']",['Timothy Woodward Jr.']
s4181,TV Show,Monkey Planet,,George McGavin,United Kingdom,"March 31, 2017",TV-PG,1 Season,"British TV Shows, Docuseries, Science & Nature TV","Join zoologist Dr. George McGavin for a fascinating, up-close look at the habits and behaviors of primates, our closest animal relatives.",2017,,,1,seasons,['TV Show'],['United Kingdom'],['George McGavin'],[]
s1607,Movie,Dany Boon: Des Hauts De France,Isabelle Nanty,Dany Boon,France,"May 4, 2018",TV-MA,113 min,Stand-Up Comedy,"In an eclectic one-man show, French superstar Dany Boon reflects on his homeland, his first comedy gig and the challenges of parenting hostile teens.",2018,,,113,minutes,['Movie'],['France'],['Dany Boon'],['Isabelle Nanty']
s473,Movie,American Pie 9: Girls' Rules,Mike Elliott,"Madison Pettis, Lizze Broadway, Piper Curda, Natasha Behnam, Darren Barnet, Sara Rue, Zachary Gordon, Camaron Engels, Christian Valderrama, Zayne Emory",United States,"October 6, 2020",R,96 min,Comedies,Four tight-knit high school seniors vow to turn their love lives around by homecoming when the arrival of a new student muddles their plans.,2020,,,96,minutes,['Movie'],['United States'],"['Madison Pettis', 'Lizze Broadway', 'Piper Curda', 'Natasha Behnam', 'Darren Barnet', 'Sara Rue', 'Zachary Gordon', 'Camaron Engels', 'Christian Valderrama', 'Zayne Emory']",['Mike Elliott']
s7783,Movie,Zozo,Josef Fares,"Imad Creidi, Antoinette Turk, Elias Gergi, Carmen Lebbos, Viktor Axelsson, Charbel Iskandar, Yasmine Awad","Sweden, Czech Republic, United Kingdom, Denmark, Netherlands","October 19, 2020",TV-MA,99 min,"Dramas, International Movies","When Lebanon's Civil War deprives Zozo of his family, he's left with grief and little means as he escapes to Sweden in search of his grandparents.",2020,,,99,minutes,['Movie'],"['Sweden', 'Czech Republic', 'United Kingdom', 'Denmark', 'Netherlands']","['Imad Creidi', 'Antoinette Turk', 'Elias Gergi', 'Carmen Lebbos', 'Viktor Axelsson', 'Charbel Iskandar', 'Yasmine Awad']",['Josef Fares']
s4983,Movie,Professor Mack,Christopher Nolen,"Lisa Wu, Timon Kyle Durrett, Robert Christopher Riley, Erica Hubbard, Amin Joseph, Christopher Nolen, Larry Biela, Jackie Christie, Katharin 'Ladie K' Mraz, Simeon Henderson",United States,"August 6, 2019",TV-MA,84 min,"Comedies, Romantic Movies","When a confident college professor is courted by four eligible and well-established men, she struggles to decide who she likes the best.",2019,,,84,minutes,['Movie'],['United States'],"['Lisa Wu', 'Timon Kyle Durrett', 'Robert Christopher Riley', 'Erica Hubbard', 'Amin Joseph', 'Christopher Nolen', 'Larry Biela', 'Jackie Christie', ""Katharin 'Ladie K' Mraz"", 'Simeon Henderson']",['Christopher Nolen']
s519,Movie,Angel Has Fallen,Ric Roman Waugh,"Gerard Butler, Morgan Freeman, Nick Nolte, Danny Huston, Jada Pinkett Smith, Lance Reddick, Tim Blake Nelson, Piper Perabo",United States,"April 4, 2020",R,121 min,Action & Adventure,Secret Service agent Mike Banning is caught in the crossfire when he’s framed for a deadly attack on the president and forced to run for his life.,2020,,,121,minutes,['Movie'],['United States'],"['Gerard Butler', 'Morgan Freeman', 'Nick Nolte', 'Danny Huston', 'Jada Pinkett Smith', 'Lance Reddick', 'Tim Blake Nelson', 'Piper Perabo']",['Ric Roman Waugh']
s3351,Movie,Kevin James: Sweat the Small Stuff,Paul Miller,Kevin James,United States,"February 20, 2019",TV-PG,42 min,Stand-Up Comedy,The film and television star riffs on life's many royal pains in this hourlong special taped at New York City's Hudson Theatre in 2001.,2019,,,42,minutes,['Movie'],['United States'],['Kevin James'],['Paul Miller']
s5751,Movie,Spenser Confidential,Peter Berg,"Mark Wahlberg, Winston Duke, Alan Arkin, Bokeem Woodbine, Iliza Shlesinger, Hope Olaide Wilson, Marc Maron",United States,"March 6, 2020",R,111 min,"Action & Adventure, Comedies","Spenser, an ex-cop and ex-con, teams up with aspiring fighter Hawk to uncover a sinister conspiracy tied to the deaths of two Boston police officers.",2020,,,111,minutes,['Movie'],['United States'],"['Mark Wahlberg', 'Winston Duke', 'Alan Arkin', 'Bokeem Woodbine', 'Iliza Shlesinger', 'Hope Olaide Wilson', 'Marc Maron']",['Peter Berg']
s7362,TV Show,Unsolved Mysteries,,,,"October 19, 2020",TV-MA,2 Seasons,"Crime TV Shows, Docuseries","Real cases of perplexing disappearances, shocking murders and paranormal encounters fuel this gripping revival of the iconic documentary series.",2020,,,2,seasons,['TV Show'],[],[],[]
s1426,Movie,Clouds of Sils Maria,Olivier Assayas,"Juliette Binoche, Kristen Stewart, Chloë Grace Moretz, Lars Eidinger, Johnny Flynn, Angela Winkler, Hanns Zischler, Brady Corbet","France, Germany, Switzerland","February 12, 2017",R,124 min,"Dramas, International Movies","A middle-aged actress is cast in a film adaptation of the play that made her famous 20 years earlier, but in a much less glamorous role.",2017,,,124,minutes,['Movie'],"['France', 'Germany', 'Switzerland']","['Juliette Binoche', 'Kristen Stewart', 'Chloë Grace Moretz', 'Lars Eidinger', 'Johnny Flynn', 'Angela Winkler', 'Hanns Zischler', 'Brady Corbet']",['Olivier Assayas']
s1035,Movie,Bombshell,Riccardo Pilizzeri,"Ande Cunningham, Mark Mitchinson, Mia Pistorius, Nathalie Boltt, Nathan Lovejoy, Colin Moy, Jay Simon, Coen Falke, Greta Gregory, Byron Coll",New Zealand,"October 1, 2016",TV-MA,86 min,Dramas,"In 1985, when a vessel protesting nuclear testing is sunk in New Zealand, local police fight to prove it was a terrorist plot by their French allies.",2016,,,86,minutes,['Movie'],['New Zealand'],"['Ande Cunningham', 'Mark Mitchinson', 'Mia Pistorius', 'Nathalie Boltt', 'Nathan Lovejoy', 'Colin Moy', 'Jay Simon', 'Coen Falke', 'Greta Gregory', 'Byron Coll']",['Riccardo Pilizzeri']
s2230,Movie,For the Love of Spock,Adam Nimoy,"Leonard Nimoy, William Shatner, George Takei, Nichelle Nichols, Chris Pine, Zachary Quinto, Simon Pegg, Zoe Saldana, Jim Parsons, Jason Alexander, Neil deGrasse Tyson, J.J. Abrams","Canada, United States","December 2, 2016",TV-14,112 min,Documentaries,"The son of actor Leonard Nimoy directs this moving look at his father's portrayal of Spock, the iconic ""Star Trek"" character he played for 50 years.",2016,,,112,minutes,['Movie'],"['Canada', 'United States']","['Leonard Nimoy', 'William Shatner', 'George Takei', 'Nichelle Nichols', 'Chris Pine', 'Zachary Quinto', 'Simon Pegg', 'Zoe Saldana', 'Jim Parsons', 'Jason Alexander', 'Neil deGrasse Tyson', 'J.J. Abrams']",['Adam Nimoy']
s3258,Movie,Justin Timberlake + the Tennessee Kids,Jonathan Demme,Justin Timberlake,United States,"October 12, 2016",TV-MA,90 min,Music & Musicals,"On the final nights of a world tour, director Jonathan Demme captures what makes the show soar: gifted musicians, deft dancers and a magnetic star.",2016,,,90,minutes,['Movie'],['United States'],['Justin Timberlake'],['Jonathan Demme']
s4915,TV Show,Pose,,"Mj Rodriguez, Billy Porter, Evan Peters, Kate Mara, James Van Der Beek, Dominique Jackson, Angelica Ross, Hailie Sahar, Ryan Jamaal Swain, Indya Moore, Dyllon Burnside",United States,"June 11, 2020",TV-MA,2 Seasons,TV Dramas,"In 1987 New York, LGBTQ ball fixture Blanca starts her own house, soon becoming mother to a gifted dancer and a sex worker in love with a yuppie client.",2020,,,2,seasons,['TV Show'],['United States'],"['Mj Rodriguez', 'Billy Porter', 'Evan Peters', 'Kate Mara', 'James Van Der Beek', 'Dominique Jackson', 'Angelica Ross', 'Hailie Sahar', 'Ryan Jamaal Swain', 'Indya Moore', 'Dyllon Burnside']",[]
s6340,TV Show,The Expanding Universe of Ashley Garcia,,"Paulina Chávez, Jencarlos Canela",United States,"December 9, 2020",TV-PG,3 Seasons,"Kids' TV, TV Comedies, Teen TV Shows",15-year-old scientist Ashley Garcia explores the great unknown of modern teendom after moving across the country to pursue a career in robotics.,2020,,,3,seasons,['TV Show'],['United States'],"['Paulina Chávez', 'Jencarlos Canela']",[]
s5120,TV Show,Reality of Dream,,"Sean Jindachot, Jintanutda Lummakanon, Charebelle Lanlalin, Aon Korakot Tunkaew, Attaporn Teemakorn, Rath Rattasin Nalintanapat, Ak Akarat, Geng Wayo Assawarungruang, Pemy Peramin Thabkaew",,"July 31, 2018",TV-MA,1 Season,"International TV Shows, Romantic TV Shows, TV Dramas","Five friends from college chase their post-grad dreams of becoming a successful writer, film director, singer, rich wife and out-and-proud hair stylist.",2018,,,1,seasons,['TV Show'],[],"['Sean Jindachot', 'Jintanutda Lummakanon', 'Charebelle Lanlalin', 'Aon Korakot Tunkaew', 'Attaporn Teemakorn', 'Rath Rattasin Nalintanapat', 'Ak Akarat', 'Geng Wayo Assawarungruang', 'Pemy Peramin Thabkaew']",[]
s4530,Movie,NOVA: First Face of America,Graham Townsley,Jay O. Sanders,United States,"July 1, 2019",TV-PG,53 min,Documentaries,"During risky expeditions in an underwater cave, scientists unearth a 13,000-year-old skeleton to gain insight into the earliest known humans in America.",2019,,,53,minutes,['Movie'],['United States'],['Jay O. Sanders'],['Graham Townsley']
s859,TV Show,Better Call Saul,,"Bob Odenkirk, Jonathan Banks, Michael McKean, Rhea Seehorn, Patrick Fabian, Michael Mando, Giancarlo Esposito",United States,"February 9, 2020",TV-MA,4 Seasons,"Crime TV Shows, TV Comedies, TV Dramas","This Emmy-nominated prequel to ""Breaking Bad"" follows small-time attorney Jimmy McGill as he transforms into morally challenged lawyer Saul Goodman.",2020,,,4,seasons,['TV Show'],['United States'],"['Bob Odenkirk', 'Jonathan Banks', 'Michael McKean', 'Rhea Seehorn', 'Patrick Fabian', 'Michael Mando', 'Giancarlo Esposito']",[]
s7086,TV Show,Tijuana,,"Damián Alcázar, Tamara Vallarta, Rolf Petersen, Claudette Maillé, Teté Espinoza, Iván Aragón, Martha Claudia Moreno, Edén Villavicencio, Carlos Corona, Giancarlo Ruiz, Mayra Batalla, Rodrigo Abed, Roberto Mateos, Anabel Ferreira, Roberto Sosa",Mexico,"April 5, 2019",TV-MA,1 Season,"Crime TV Shows, International TV Shows, Spanish-Language TV Shows","When a prominent politician is murdered, the intrepid journalists of Frente Tijuana risk their lives to uncover the truth.",2019,,,1,seasons,['TV Show'],['Mexico'],"['Damián Alcázar', 'Tamara Vallarta', 'Rolf Petersen', 'Claudette Maillé', 'Teté Espinoza', 'Iván Aragón', 'Martha Claudia Moreno', 'Edén Villavicencio', 'Carlos Corona', 'Giancarlo Ruiz', 'Mayra Batalla', 'Rodrigo Abed', 'Roberto Mateos', 'Anabel Ferreira', 'Roberto Sosa']",[]
s2527,TV Show,Great Yellowstone Thaw,,,United Kingdom,"October 1, 2017",TV-PG,1 Season,"Docuseries, Science & Nature TV",This series explores the effects of the extreme temperature variations at Yellowstone National Park on the animals that live there.,2017,,,1,seasons,['TV Show'],['United Kingdom'],[],[]
s5192,TV Show,Rhyme Time Town Singalongs,,"Luke Amis, Annabelle Westenholz-Smith, Maddie Evans, Jude Muir, Hannah Jane Fox, Rhashan Stone",United States,"December 22, 2020",TV-Y,1 Season,Kids' TV,"Love snackable, snap-worthy songs? Sing along with the Rhyme Time Town friends as they use their imaginations and flex their problem-solving skills!",2020,,,1,seasons,['TV Show'],['United States'],"['Luke Amis', 'Annabelle Westenholz-Smith', 'Maddie Evans', 'Jude Muir', 'Hannah Jane Fox', 'Rhashan Stone']",[]
s1331,TV Show,Chief of Staff,,"Lee Jung-jae, Shin Mina, Lee Elijah, Kim Dong-jun, Jung Jin-young, Kim Kap-soo, Jung Woong-in, Im Won-hee, Kim Hong-pa",South Korea,"November 12, 2019",TV-14,2 Seasons,"International TV Shows, Korean TV Shows, TV Dramas","As a chief of staff in the National Assembly, Jang Tae-jun influences power behind the scenes while pursuing his own ambitions to rise to the top.",2019,,,2,seasons,['TV Show'],['South Korea'],"['Lee Jung-jae', 'Shin Mina', 'Lee Elijah', 'Kim Dong-jun', 'Jung Jin-young', 'Kim Kap-soo', 'Jung Woong-in', 'Im Won-hee', 'Kim Hong-pa']",[]
s6109,Movie,The Bad Education Movie,Elliot Hegarty,"Jack Whitehall, Joanna Scanlan, Iain Glen, Ethan Lawrence, Layton Williams, Kae Alexander, Weruche Opia, Nikki Runeckles, Charlie Wernham, Jack Binstead",United Kingdom,"December 15, 2018",TV-MA,87 min,Comedies,"Britain's most ineffective but caring teacher takes his class to Cornwall for one last school trip, where anything could happen –
 and probably will.",2018,,,87,minutes,['Movie'],['United Kingdom'],"['Jack Whitehall', 'Joanna Scanlan', 'Iain Glen', 'Ethan Lawrence', 'Layton Williams', 'Kae Alexander', 'Weruche Opia', 'Nikki Runeckles', 'Charlie Wernham', 'Jack Binstead']",['Elliot Hegarty']
s7340,Movie,Undercover Brother 2,Leslie Small,"Michael Jai White, Vince Swann, Barry Bostwick, Laila Odom, Gary Owen, Affion Crockett, Steven Lee Johnson, Lindsay Lamb, Zac Zedalis, Cj Sykes",United States,"November 5, 2019",R,85 min,Comedies,"When a beloved secret agent falls deep into a coma, his bumbling brother must defend their community from a divisive political threat.",2019,,,85,minutes,['Movie'],['United States'],"['Michael Jai White', 'Vince Swann', 'Barry Bostwick', 'Laila Odom', 'Gary Owen', 'Affion Crockett', 'Steven Lee Johnson', 'Lindsay Lamb', 'Zac Zedalis', 'Cj Sykes']",['Leslie Small']
s2639,TV Show,Hart of Dixie,,"Rachel Bilson, Jaime King, Cress Williams, Wilson Bethel, Scott Porter, Tim Matheson, Kaitlyn Black, Ross Philips",United States," December 15, 2015",TV-PG,4 Seasons,"TV Comedies, TV Dramas",Fast-talking city girl Zoe Hart winds up patching up the locals of a tiny town in the Deep South when she inherits a medical practice in Alabama.,2015,,,4,seasons,['TV Show'],['United States'],"['Rachel Bilson', 'Jaime King', 'Cress Williams', 'Wilson Bethel', 'Scott Porter', 'Tim Matheson', 'Kaitlyn Black', 'Ross Philips']",[]
s2070,Movie,Expo,Joseph Mbah,"Derek Davenport, Amelia Haberman, Shepsut Wilson, Titus Covington, Hayley Vrana, Michael Alvarez, Richard Lippert, Alfoniso Lopez",United States,"August 29, 2019",TV-14,81 min,"Action & Adventure, Dramas, Independent Movies","Mistakenly accused of kidnapping, a veteran soldier leaves a trail of broken bad guys in his wake as he tries to rescue a teen sex trafficking victim.",2019,,,81,minutes,['Movie'],['United States'],"['Derek Davenport', 'Amelia Haberman', 'Shepsut Wilson', 'Titus Covington', 'Hayley Vrana', 'Michael Alvarez', 'Richard Lippert', 'Alfoniso Lopez']",['Joseph Mbah']
s6063,Movie,The Adderall Diaries,Pamela Romanowsky,"James Franco, Ed Harris, Amber Heard, Jim Parrack, Timothée Chalamet, Wilmer Valderrama, Cynthia Nixon, Christian Slater, Michael Cristofer, Danny Flaherty, Adam LeFevre",United States,"July 15, 2018",R,87 min,"Dramas, Thrillers",Author Stephen Elliott has a problem separating his own life from incidents in the life of a convicted murderer about whom he's writing a book.,2018,,,87,minutes,['Movie'],['United States'],"['James Franco', 'Ed Harris', 'Amber Heard', 'Jim Parrack', 'Timothée Chalamet', 'Wilmer Valderrama', 'Cynthia Nixon', 'Christian Slater', 'Michael Cristofer', 'Danny Flaherty', 'Adam LeFevre']",['Pamela Romanowsky']
s3471,Movie,Kuppivala,Suresh Pillai,"Nandu, Kochu Preman, Jayakrishnan, Mohan Ayroor, M.R. Gopakumar, Shanawas, Adoor Ajayan, Dinesh Panicker",,"August 1, 2018",TV-14,133 min,"Dramas, International Movies, Romantic Movies",A young woman talented at traditional dance finds her life changed when her love for a man clashes with the wishes of her father.,2018,,,133,minutes,['Movie'],[],"['Nandu', 'Kochu Preman', 'Jayakrishnan', 'Mohan Ayroor', 'M.R. Gopakumar', 'Shanawas', 'Adoor Ajayan', 'Dinesh Panicker']",['Suresh Pillai']
s1314,TV Show,Cheuk Wan-Chi: Two Night Stand,,Cheuk Wan Chi,,"December 15, 2017",TV-MA,1 Season,"International TV Shows, Stand-Up Comedy & Talk Shows, TV Comedies",Writer and stand-up comedian Cheuk Wan-chi cracks wise at the follies of single womanhood and takes on politics in Hong Kong with nuance and flair.,2017,,,1,seasons,['TV Show'],[],['Cheuk Wan Chi'],[]
s1057,Movie,Born Racer,Bryn Evans,Scott Dixon,New Zealand,"July 8, 2020",R,89 min,"Documentaries, Sports Movies","In this all-access pass, IndyCar champion Scott Dixon and his team navigate the risks on the road in the quest to win it all.",2020,,,89,minutes,['Movie'],['New Zealand'],['Scott Dixon'],['Bryn Evans']
s240,TV Show,A Thousand Goodnights,,"Cindy Lien, Nicholas Teo, Yao Ai-ning, Li Chung-lin, Chen Bor-jeng, Miao Ke-li",Taiwan,"June 1, 2019",TV-14,1 Season,"International TV Shows, TV Dramas","To carry out her dad's wish and discover her roots, Dai Tian-qing embarks on a journey around Taiwan and finds love and redemption on the way.",2019,,,1,seasons,['TV Show'],['Taiwan'],"['Cindy Lien', 'Nicholas Teo', 'Yao Ai-ning', 'Li Chung-lin', 'Chen Bor-jeng', 'Miao Ke-li']",[]
s4706,TV Show,Outer Banks,,"Chase Stokes, Madelyn Cline, Madison Bailey, Jonathan Daviss, Rudy Pankow, Charles Esten, Adina Porter, Austin North, Drew Starkey",United States,"April 15, 2020",TV-MA,1 Season,"TV Action & Adventure, TV Dramas, Teen TV Shows","On an island of haves and have-nots, teen John B enlists his three best friends to hunt for a legendary treasure linked to his father's disappearance.",2020,,,1,seasons,['TV Show'],['United States'],"['Chase Stokes', 'Madelyn Cline', 'Madison Bailey', 'Jonathan Daviss', 'Rudy Pankow', 'Charles Esten', 'Adina Porter', 'Austin North', 'Drew Starkey']",[]
s5072,Movie,Rainbow Jelly,Soukarya Ghosal,"Mahabrata Basu, Anumegha Banerjee, Koushik Sen, Sreelekha Mitra, Shantilal Mukherjee, Iqbal Sultan, Daminee Basu, Subhajit Das",India,"April 15, 2019",TV-14,119 min,"Dramas, International Movies, Sci-Fi & Fantasy","Mistreated by his cruel uncle, an imaginative orphan with autism sees hope when a fairy vows to change his life with a week of enchanted recipes.",2019,,,119,minutes,['Movie'],['India'],"['Mahabrata Basu', 'Anumegha Banerjee', 'Koushik Sen', 'Sreelekha Mitra', 'Shantilal Mukherjee', 'Iqbal Sultan', 'Daminee Basu', 'Subhajit Das']",['Soukarya Ghosal']
s6833,Movie,The Rolling Stones: Olé Olé Olé! A Trip Across Latin America,Paul Dugdale,"Mick Jagger, Keith Richards, Ronnie Wood, Charlie Watts",United Kingdom,"March 22, 2019",TV-MA,101 min,"Documentaries, International Movies, Music & Musicals","Follow the Rolling Stones as the iconic group breaks new ground in Latin America, wrapping a 10-city tour as the first-ever rock band to play in Cuba.",2019,,,101,minutes,['Movie'],['United Kingdom'],"['Mick Jagger', 'Keith Richards', 'Ronnie Wood', 'Charlie Watts']",['Paul Dugdale']
s1515,Movie,"Crack: Cocaine, Corruption & Conspiracy",Stanley Nelson,,United States,"January 11, 2021",TV-MA,90 min,Documentaries,"A cheap, powerful drug emerges during a recession, igniting a moral panic fueled by racism. Explore the complex history of crack in the 1980s.",2021,,,90,minutes,['Movie'],['United States'],[],['Stanley Nelson']
s3115,Movie,Jailbreak,Jimmy Henderson,"Jean-Paul Ly, Dara Our, Tharoth Sam, Dara Phang, Celine Tran, Savin Phillip, Sok Visal",Cambodia,"May 2, 2018",TV-MA,92 min,"Action & Adventure, International Movies",Four cops escorting a mobster to a high-security prison fight for survival when a gang boss orchestrates a riot from outside to silence their charge.,2018,,,92,minutes,['Movie'],['Cambodia'],"['Jean-Paul Ly', 'Dara Our', 'Tharoth Sam', 'Dara Phang', 'Celine Tran', 'Savin Phillip', 'Sok Visal']",['Jimmy Henderson']
s7106,TV Show,Tiny Creatures,,Mike Colter,United States,"August 7, 2020",TV-PG,1 Season,"Docuseries, Science & Nature TV, TV Action & Adventure",Little animals embark on big adventures across the U.S. in a dramatic nature series that explores their hidden worlds and epic survival stories.,2020,,,1,seasons,['TV Show'],['United States'],['Mike Colter'],[]
s2843,Movie,How to Change the World,Jerry Rothwell,,"Canada, United Kingdom, Netherlands","January 1, 2016",NR,110 min,"Documentaries, International Movies","In the 1970s, a group of activists who gathered to protest nuclear testing formed the iconic Greenpeace environmental organization.",2016,,,110,minutes,['Movie'],"['Canada', 'United Kingdom', 'Netherlands']",[],['Jerry Rothwell']
s458,TV Show,American Crime,,"Felicity Huffman, Timothy Hutton, Elvis Nolasco, Regina King, Lili Taylor, Richard Cabral, Brent Anderson, Benito Martinez, Shane Jacobsen, W. Earl Brown, Caitlin Gerard, Penelope Ann Miller, Johnny Ortiz",United States,"May 30, 2017",TV-MA,3 Seasons,"Crime TV Shows, TV Dramas","This anthology series unfolds a different story arc for each season, with dramas focusing on aspects of American life and the criminal justice system.",2017,,,3,seasons,['TV Show'],['United States'],"['Felicity Huffman', 'Timothy Hutton', 'Elvis Nolasco', 'Regina King', 'Lili Taylor', 'Richard Cabral', 'Brent Anderson', 'Benito Martinez', 'Shane Jacobsen', 'W. Earl Brown', 'Caitlin Gerard', 'Penelope Ann Miller', 'Johnny Ortiz']",[]
s544,TV Show,Another Life,,"Katee Sackhoff, Justin Chatwin, Samuel Anderson, Blu Hunt, AJ Rivera, Jake Abel, Alex Ozerov, Alexander Eling, Lina Renna, Selma Blair",United States,"July 25, 2019",TV-MA,1 Season,"TV Action & Adventure, TV Dramas, TV Mysteries","After a massive alien artifact lands on Earth, Niko Breckinridge leads an interstellar mission to track down its source and make first contact.",2019,,,1,seasons,['TV Show'],['United States'],"['Katee Sackhoff', 'Justin Chatwin', 'Samuel Anderson', 'Blu Hunt', 'AJ Rivera', 'Jake Abel', 'Alex Ozerov', 'Alexander Eling', 'Lina Renna', 'Selma Blair']",[]
s4908,Movie,"Pop, Lock 'n Roll",Ziggy Hofmeyr,"Maurice Paige, Yasirah Bhelz, Lionel Newton, Tarryn Alberts, Sandile Sand Zulu, Duane Lawrence, Robyn Brophy, Brady Brophy, Raylene Jacobs, Jason Meyer",South Africa,"March 1, 2020",TV-14,88 min,"Dramas, International Movies, Romantic Movies",An ambitious hip-hop dancer jeopardizes his rising career when his affections for an ominous producer's wife threatens to stomp out all of his success.,2020,,,88,minutes,['Movie'],['South Africa'],"['Maurice Paige', 'Yasirah Bhelz', 'Lionel Newton', 'Tarryn Alberts', 'Sandile Sand Zulu', 'Duane Lawrence', 'Robyn Brophy', 'Brady Brophy', 'Raylene Jacobs', 'Jason Meyer']",['Ziggy Hofmeyr']
s3530,Movie,Lara and the Beat,Tosin Coker,"Seyi Shay, Somkele Iyamah, Vector, Chioma Chukwuka Akpotha, Uche Jumbo, Sharon Ooja, Shaffy Bello, Saidi Balogun, Kemi Lala Akindoju, Ademola Adedoyin",Nigeria,"September 14, 2020",TV-MA,140 min,"Dramas, International Movies, Music & Musicals","When their glamorous, fast-paced lifestyle comes to a screeching halt, two sisters try to rebuild their fortunes through music and enterprise.",2020,,,140,minutes,['Movie'],['Nigeria'],"['Seyi Shay', 'Somkele Iyamah', 'Vector', 'Chioma Chukwuka Akpotha', 'Uche Jumbo', 'Sharon Ooja', 'Shaffy Bello', 'Saidi Balogun', 'Kemi Lala Akindoju', 'Ademola Adedoyin']",['Tosin Coker']
s178,Movie,A Go! Go! Cory Carson Christmas,"Stanley Moore, Alex Woo","Alan C. Lim, Taron C. Hensley, Maisie Benson, Kerry Gudjohnsen, Paul Killam, Smith Foreman, Ann Kendrick, Ella Joy Ballesteros, Neena-Sinaii Simpo, Eli Morse",United States,"November 27, 2020",TV-Y,22 min,Children & Family Movies,"When a familiar-looking stranger crashes in without a memory, Cory helps him remember the magic of Christmas to save the holiday for everyone.",2020,,,22,minutes,['Movie'],['United States'],"['Alan C. Lim', 'Taron C. Hensley', 'Maisie Benson', 'Kerry Gudjohnsen', 'Paul Killam', 'Smith Foreman', 'Ann Kendrick', 'Ella Joy Ballesteros', 'Neena-Sinaii Simpo', 'Eli Morse']","['Stanley Moore', 'Alex Woo']"
s5824,TV Show,Stone Age,,"Samantha Moon, Nancy Kim, Jacqueline Youn, Mike Yantzi, Anna Paik, Matt Anipen, Josh Schwartzentruber",South Korea,"July 1, 2019",TV-Y7,1 Season,"Kids' TV, Korean TV Shows","Woody sets out to become the Stone Age's best animal trainer with a little help from his faithful pet dinosaur, Moga.",2019,,,1,seasons,['TV Show'],['South Korea'],"['Samantha Moon', 'Nancy Kim', 'Jacqueline Youn', 'Mike Yantzi', 'Anna Paik', 'Matt Anipen', 'Josh Schwartzentruber']",[]
s7555,TV Show,What If?,,"Monther Rayahnah, Khaled Ameen, Aseel Omran, Rawan Mahdi, Ali Al-Husseini, Abdullah Al-Turkumani",,"May 7, 2019",TV-14,1 Season,"International TV Shows, TV Dramas","Four individuals at a crossroads in life are given the chance to take both paths, and decide which road is best for them.",2019,,,1,seasons,['TV Show'],[],"['Monther Rayahnah', 'Khaled Ameen', 'Aseel Omran', 'Rawan Mahdi', 'Ali Al-Husseini', 'Abdullah Al-Turkumani']",[]
s2284,Movie,Freshman Year,Jude Okwudiafor Johnson,"Diallo Thompson, Natalia Dominguez, Benjamin A. Onyango, Gregory Alan Williams, Desalene Jones, Wynton Odd, Ed Gonzalez Moreno, Natasha Dee Davis, Cameron Schaefer, Joshua Flores-Q",United States,"March 3, 2020",TV-PG,104 min,"Dramas, Faith & Spirituality",A devout preacher's son leaves his protective home to begin college and meets a self-reliant student who will test his faith and his heart.,2020,,,104,minutes,['Movie'],['United States'],"['Diallo Thompson', 'Natalia Dominguez', 'Benjamin A. Onyango', 'Gregory Alan Williams', 'Desalene Jones', 'Wynton Odd', 'Ed Gonzalez Moreno', 'Natasha Dee Davis', 'Cameron Schaefer', 'Joshua Flores-Q']",['Jude Okwudiafor Johnson']
s333,Movie,Aftershock,Nicolás López,"Eli Roth, Andrea Osvárt, Ariel Levy, Natasha Yarovenko, Nicolás Martínez, Lorenza Izzo, Marcial Tagle, Ramón Llao, Ignacia Allamand, Paz Bascuñán","United States, Chile","March 7, 2018",R,89 min,"Action & Adventure, Horror Movies","An American tourist and his friends are partying in Chile, but a major earthquake devastates the area and forces them to scramble for survival.",2018,,,89,minutes,['Movie'],"['United States', 'Chile']","['Eli Roth', 'Andrea Osvárt', 'Ariel Levy', 'Natasha Yarovenko', 'Nicolás Martínez', 'Lorenza Izzo', 'Marcial Tagle', 'Ramón Llao', 'Ignacia Allamand', 'Paz Bascuñán']",['Nicolás López']
s2856,Movie,Hubie Halloween,Steve Brill,"Adam Sandler, Kevin James, Julie Bowen, Ray Liotta, Steve Buscemi, Maya Rudolph, Rob Schneider, June Squibb, Kenan Thompson, Tim Meadows, Michael Chiklis, Karan Brar, George Wallace, Paris Berelc, Noah Schnapp, China Anne McClain, Colin Quinn, Kym Whitley, Lavell Crawford, Mikey Day, Jackie Sandler, Sadie Sandler, Sunny Sandler",United States,"October 7, 2020",PG-13,104 min,"Comedies, Horror Movies","Hubie's not the most popular guy in Salem, Mass., but when Halloween turns truly spooky, this good-hearted scaredy-cat sets out to keep his town safe.",2020,,,104,minutes,['Movie'],['United States'],"['Adam Sandler', 'Kevin James', 'Julie Bowen', 'Ray Liotta', 'Steve Buscemi', 'Maya Rudolph', 'Rob Schneider', 'June Squibb', 'Kenan Thompson', 'Tim Meadows', 'Michael Chiklis', 'Karan Brar', 'George Wallace', 'Paris Berelc', 'Noah Schnapp', 'China Anne McClain', 'Colin Quinn', 'Kym Whitley', 'Lavell Crawford', 'Mikey Day', 'Jackie Sandler', 'Sadie Sandler', 'Sunny Sandler']",['Steve Brill']
s2665,Movie,Hazel Brugger: Tropical,,Hazel Brugger,Germany,"December 2, 2020",TV-MA,58 min,Stand-Up Comedy,"In this stand-up special, comedian Hazel Brugger offers her breezy takes on unruly geese, chatty gynecologists, German bank loans and more.",2020,,,58,minutes,['Movie'],['Germany'],['Hazel Brugger'],[]
s7726,TV Show,You Cannot Hide,,"Blanca Soto, Eduardo Noriega, Iván Sánchez, Maribel Verdú, Samantha Siqueiros, Peter Vives, Patricia Guirado, Jorge Bosch, Pere Ponce, Juan Caballero, Jordi Planas",Mexico,"October 1, 2020",TV-MA,1 Season,"Crime TV Shows, International TV Shows, Spanish-Language TV Shows","A nurse and her daughter flee her husband’s drug-trafficking past in Mexico and assume new identities in Spain, but still face danger in Madrid.",2020,,,1,seasons,['TV Show'],['Mexico'],"['Blanca Soto', 'Eduardo Noriega', 'Iván Sánchez', 'Maribel Verdú', 'Samantha Siqueiros', 'Peter Vives', 'Patricia Guirado', 'Jorge Bosch', 'Pere Ponce', 'Juan Caballero', 'Jordi Planas']",[]
s4075,Movie,Middle School: The Worst Years of My Life,Steve Carr,"Griffin Gluck, Lauren Graham, Rob Riggle, Thomas Barbusca, Andrew Daly, Adam Pally, Retta, Efren Ramirez, Isabela Moner, Alexa Nisenson, Jacob Hopkins","United States, Cambodia","March 3, 2019",PG,92 min,"Children & Family Movies, Comedies","At Hills Village Middle School, budding cartoonist Rafe and best pal Leo challenge their uptight principal by breaking every rule in his handbook.",2019,,,92,minutes,['Movie'],"['United States', 'Cambodia']","['Griffin Gluck', 'Lauren Graham', 'Rob Riggle', 'Thomas Barbusca', 'Andrew Daly', 'Adam Pally', 'Retta', 'Efren Ramirez', 'Isabela Moner', 'Alexa Nisenson', 'Jacob Hopkins']",['Steve Carr']
s2827,Movie,Hotel for Dogs,Thor Freudenthal,"Emma Roberts, Jake T. Austin, Kyla Pratt, Lisa Kudrow, Kevin Dillon, Don Cheadle, Johnny Simmons, Troy Gentile, Eric Edelstein, Robinne Lee, Ajay Naidu","Germany, United States","September 2, 2020",PG,101 min,"Children & Family Movies, Comedies","Placed in a foster home that doesn't allow pets, 16-year-old Andi and her younger brother Bruce turn an abandoned hotel into a home for their dog.",2020,,,101,minutes,['Movie'],"['Germany', 'United States']","['Emma Roberts', 'Jake T. Austin', 'Kyla Pratt', 'Lisa Kudrow', 'Kevin Dillon', 'Don Cheadle', 'Johnny Simmons', 'Troy Gentile', 'Eric Edelstein', 'Robinne Lee', 'Ajay Naidu']",['Thor Freudenthal']
s2139,Movie,Fearless,Cory Edwards,"Yara Shahidi, Miles Robbins, Miguel J. Pimentel, Gabrielle Union, Jadakiss, Tom Kenny, Angie Martinez, Harland Williams, Fat Joe, Amari McCoy, Dwyane Wade",Canada,"August 14, 2020",TV-Y7,92 min,"Children & Family Movies, Comedies",A teen gamer is forced to level up to full-time babysitter when his favorite video game drops three superpowered infants from space into his backyard.,2020,,,92,minutes,['Movie'],['Canada'],"['Yara Shahidi', 'Miles Robbins', 'Miguel J. Pimentel', 'Gabrielle Union', 'Jadakiss', 'Tom Kenny', 'Angie Martinez', 'Harland Williams', 'Fat Joe', 'Amari McCoy', 'Dwyane Wade']",['Cory Edwards']
s4060,TV Show,Mexico Diseña,,,United States,"February 1, 2017",TV-PG,1 Season,"International TV Shows, Reality TV, Spanish-Language TV Shows",Young fashion designers vie for the chance to become Mexico's next big talent by competing before judges in grueling tests of creativity and stamina.,2017,,,1,seasons,['TV Show'],['United States'],[],[]
s1769,TV Show,Dino Hunt,,,Canada,"August 4, 2017",TV-G,1 Season,"Docuseries, Science & Nature TV","Top scientists and paleontologists examine dinosaur fossils located throughout Canada, while searching for elusive new species.",2017,,,1,seasons,['TV Show'],['Canada'],[],[]
s7264,Movie,Tum Milo Toh Sahi,Kabir Sadanand,"Nana Patekar, Dimple Kapadia, Sunil Shetty, Vidya Malvade, Rehan Khan, Anjana Sukhani, Mohnish Bahl, Vrajesh Hirjee",India,"July 1, 2018",TV-14,128 min,"Comedies, Dramas, International Movies",An astute but old-fashioned law clerk steps up to help the owner of a cafe in a legal battle that has both business and personal ramifications.,2018,,,128,minutes,['Movie'],['India'],"['Nana Patekar', 'Dimple Kapadia', 'Sunil Shetty', 'Vidya Malvade', 'Rehan Khan', 'Anjana Sukhani', 'Mohnish Bahl', 'Vrajesh Hirjee']",['Kabir Sadanand']
s4311,Movie,My Daddy is in Heaven,Waymon Boone,"Jenn Gotzon Chandler, Corbin Bernsen, Lorenzo Lamas, T.C. Stallings, Jill Morrison, Lane Garrison, Jake Jacobson, Lee Benton, Riley St. John, Cricket St. John",United States,"June 12, 2018",TV-14,95 min,"Dramas, Faith & Spirituality","After the sudden loss of her husband, a mother has a crisis of faith and struggles to keep her life together for the sake of her daughter and herself.",2018,,,95,minutes,['Movie'],['United States'],"['Jenn Gotzon Chandler', 'Corbin Bernsen', 'Lorenzo Lamas', 'T.C. Stallings', 'Jill Morrison', 'Lane Garrison', 'Jake Jacobson', 'Lee Benton', 'Riley St. John', 'Cricket St. John']",['Waymon Boone']
s3255,TV Show,Justice in the City,,"Chris Tong, Shaun Chen, Emily Lim, Remus Kam, Zhang Shui Fa",,"October 1, 2017",TV-14,1 Season,"International TV Shows, TV Dramas","Repeatedly on opposite sides of civil cases, two lawyers fall in love outside the courtroom, but circumstances hinder their romance from blossoming.",2017,,,1,seasons,['TV Show'],[],"['Chris Tong', 'Shaun Chen', 'Emily Lim', 'Remus Kam', 'Zhang Shui Fa']",[]
s3342,Movie,Kevin Hart: I'm a Grown Little Man,Shannon Hartman,Kevin Hart,United States,"January 30, 2020",TV-MA,62 min,Stand-Up Comedy,"Stand-up comedy star Kevin Hart delivers his unique perspective on work, race, family and friends with this laugh-riot comedy show.",2020,,,62,minutes,['Movie'],['United States'],['Kevin Hart'],['Shannon Hartman']
s2859,Movie,Hulk Vs.,"Sam Liu, Frank Paur","Fred Tatasciore, Matthew Wolf, Graham McTavish, Grey DeLisle, Kari Wahlgren, Bryce Johnson, Janyse Jaud, Jay Brazeau, Jonathan Holmes, Paul Dobson, Michael Adamthwaite, French Tickner, Nicole Oliver, Qayam Devji, Steve Blum, Mark Acheson, Colin Murdock, Nolan North, Tom Kane",United States,"June 1, 2020",PG-13,83 min,"Action & Adventure, Sci-Fi & Fantasy",This action-packed animated double feature pits the Hulk against two of the Marvel Universe's most powerful characters: Wolverine and Thor.,2020,,,83,minutes,['Movie'],['United States'],"['Fred Tatasciore', 'Matthew Wolf', 'Graham McTavish', 'Grey DeLisle', 'Kari Wahlgren', 'Bryce Johnson', 'Janyse Jaud', 'Jay Brazeau', 'Jonathan Holmes', 'Paul Dobson', 'Michael Adamthwaite', 'French Tickner', 'Nicole Oliver', 'Qayam Devji', 'Steve Blum', 'Mark Acheson', 'Colin Murdock', 'Nolan North', 'Tom Kane']","['Sam Liu', 'Frank Paur']"
s3413,TV Show,Kiss Me First,,"Tallulah Haddon, Simona Brown, Matthew Beard, Matthew Aubrey","United Kingdom, United States","June 29, 2018",TV-MA,1 Season,"British TV Shows, Crime TV Shows, International TV Shows",A lonely young woman hooked on a virtual reality game befriends a party girl who leads her into a world of new thrills and dark secrets.,2018,,,1,seasons,['TV Show'],"['United Kingdom', 'United States']","['Tallulah Haddon', 'Simona Brown', 'Matthew Beard', 'Matthew Aubrey']",[]
s6415,Movie,The Great Battle,,"Zo In-sung, Nam Joo-hyuk, Park Sung-woong, Bae Seong-woo, Seolhyun, Jung Eun-chae, Yu Oh-seong, Sung Dong-il, Oh Dae-whan",South Korea,"April 8, 2019",TV-MA,136 min,"Action & Adventure, Dramas, International Movies","In seventh-century Korea, the commander of Ansi Fortress, Yang Man-chun, combats Tang invaders in a retelling of an epic clash against all odds.",2019,,,136,minutes,['Movie'],['South Korea'],"['Zo In-sung', 'Nam Joo-hyuk', 'Park Sung-woong', 'Bae Seong-woo', 'Seolhyun', 'Jung Eun-chae', 'Yu Oh-seong', 'Sung Dong-il', 'Oh Dae-whan']",[]
s3222,Movie,Joseph: King of Dreams,"Rob LaDuca, Robert C. Ramirez","Ben Affleck, Mark Hamill, Richard Herd, Maureen McGovern, Jodi Benson, Judith Light, James Eckhouse, Richard McGonagle, David Campbell, Steven Weber, Dan Castellaneta, Rene Auberjonois, Ken Hudson Campbell, Tom Virtue, Jeff Bennett",United States,"September 27, 2011",TV-PG,75 min,"Children & Family Movies, Dramas, Faith & Spirituality","With his gift of dream interpretation and his brilliantly colored coat, Joseph inspires jealousy in his brothers in this animated Bible story.",2011,,,75,minutes,['Movie'],['United States'],"['Ben Affleck', 'Mark Hamill', 'Richard Herd', 'Maureen McGovern', 'Jodi Benson', 'Judith Light', 'James Eckhouse', 'Richard McGonagle', 'David Campbell', 'Steven Weber', 'Dan Castellaneta', 'Rene Auberjonois', 'Ken Hudson Campbell', 'Tom Virtue', 'Jeff Bennett']","['Rob LaDuca', 'Robert C. Ramirez']"
s3659,Movie,Little Dragon Maiden,Hua Shan,"Leslie Cheung, Jing-Jing Yung, Chen Kuan-tai, Leanne Liu, Tanny Tien Ni",Hong Kong,"August 1, 2018",TV-14,92 min,"Action & Adventure, International Movies, Romantic Movies","Seeking to improve his combat skills, a young man falls in love with a woman with mystical powers, but his past stands in the way of their union.",2018,,,92,minutes,['Movie'],['Hong Kong'],"['Leslie Cheung', 'Jing-Jing Yung', 'Chen Kuan-tai', 'Leanne Liu', 'Tanny Tien Ni']",['Hua Shan']
s684,Movie,Backfire,Dave Patten,"Black Deniro, Byron ""Squally"" Vinson, Dominic Costa, Nick Ferraro, Peter Ferriero, Jowharah Jones",United States,"April 5, 2019",TV-MA,97 min,"Dramas, Independent Movies, Thrillers","When two would-be robbers accidentally kill a made man, they find themselves on the run from the South Philly Italian mob.",2019,,,97,minutes,['Movie'],['United States'],"['Black Deniro', 'Byron ""Squally"" Vinson', 'Dominic Costa', 'Nick Ferraro', 'Peter Ferriero', 'Jowharah Jones']",['Dave Patten']
s3665,Movie,Little Miss Sumo,Matt Kay,Hiyori Kon,United Kingdom,"October 28, 2019",TV-G,20 min,"Documentaries, International Movies, Sports Movies","In an ancient sport traditionally reserved for men, 20-year-old female sumo prodigy Hiyori attempts to revolutionize Japan’s national pastime.",2019,,,20,minutes,['Movie'],['United Kingdom'],['Hiyori Kon'],['Matt Kay']
s4790,Movie,Patiala House,Nikhil Advani,"Rishi Kapoor, Dimple Kapadia, Akshay Kumar, Anushka Sharma, Tinnu Anand, Soni Razdan, Prem Chopra, Masood Akhtar, Jeneva Talwar, Suparna Marwah",India,"October 22, 2017",TV-PG,140 min,"Dramas, International Movies, Sports Movies","A talented young Indian cricket player must defy his father's wishes to play for the side of England, a rebellion his siblings quietly cheer.",2017,,,140,minutes,['Movie'],['India'],"['Rishi Kapoor', 'Dimple Kapadia', 'Akshay Kumar', 'Anushka Sharma', 'Tinnu Anand', 'Soni Razdan', 'Prem Chopra', 'Masood Akhtar', 'Jeneva Talwar', 'Suparna Marwah']",['Nikhil Advani']
s7383,TV Show,Vagabond,,"Lee Seung-gi, Bae Suzy, Shin Sung-rok, Moon Jung-hee, Baek Yoon-sik, Moon Sung-keun, Lee Gyoung-young, Lee Ki-young, Kim Min-jong, Jung Man-sik, Hwang Bo-ra",South Korea,"September 21, 2019",TV-MA,1 Season,"International TV Shows, Korean TV Shows, TV Action & Adventure","When his nephew dies in a plane crash, stunt man Cha Dal-geon resolves to find out what happened, with the help of covert operative Go Hae-ri.",2019,,,1,seasons,['TV Show'],['South Korea'],"['Lee Seung-gi', 'Bae Suzy', 'Shin Sung-rok', 'Moon Jung-hee', 'Baek Yoon-sik', 'Moon Sung-keun', 'Lee Gyoung-young', 'Lee Ki-young', 'Kim Min-jong', 'Jung Man-sik', 'Hwang Bo-ra']",[]
s2518,Movie,Grandmaster,B. Unnikrishnan,"Mithra Kurian, Anoop Menon, Mohanlal, Narein, Priyamani, Roma, Siddique, Jagathy Sreekumar",India,"November 1, 2018",TV-14,133 min,"International Movies, Thrillers","Anticipating the next move in a serial killer's grisly game, a police chief realizes that his daughter and estranged wife are the next likely victims.",2018,,,133,minutes,['Movie'],['India'],"['Mithra Kurian', 'Anoop Menon', 'Mohanlal', 'Narein', 'Priyamani', 'Roma', 'Siddique', 'Jagathy Sreekumar']",['B. Unnikrishnan']
s1927,Movie,Edoardo Ferrario: Temi Caldi,Francesco Imperato,Edoardo Ferrario,Italy,"March 15, 2019",TV-MA,65 min,Stand-Up Comedy,"Italian comedian Edoardo Ferrario riffs on life at 30 and unpacks the peculiarities of global travel, social media and people who like craft beer.",2019,,,65,minutes,['Movie'],['Italy'],['Edoardo Ferrario'],['Francesco Imperato']
s7618,TV Show,Wild Alaska,,Dougray Scott,United Kingdom,"March 31, 2017",TV-PG,1 Season,"British TV Shows, Docuseries, Science & Nature TV","The natural bounty of Alaska sustains its diverse species through extreme weather conditions in three seasons, each with its rewards and challenges.",2017,,,1,seasons,['TV Show'],['United Kingdom'],['Dougray Scott'],[]
s5059,Movie,Radiopetti,Hari Viswanath,"Lakshmanan, TVV Ramanujam, Shobana, Nivas Adithan, Indhumathi, Baby Maya, Master Rohan",India,"January 1, 2017",TV-PG,83 min,"Dramas, International Movies","An elderly, hearing-impaired Indian man stays connected to the world of the past through the beloved valve radio he has owned since childhood.",2017,,,83,minutes,['Movie'],['India'],"['Lakshmanan', 'TVV Ramanujam', 'Shobana', 'Nivas Adithan', 'Indhumathi', 'Baby Maya', 'Master Rohan']",['Hari Viswanath']
s5583,Movie,Shorts,Robert Rodriguez,"Jimmy Bennett, Jake Short, Kat Dennings, Trevor Gagnon, Devon Gearhart, Jolie Vanier, Rebel Rodriguez, Leo Howard, Leslie Mann, Jon Cryer, William H. Macy, James Spader","United States, United Arab Emirates","July 1, 2019",PG,89 min,"Children & Family Movies, Comedies",Chaos erupts when locals learn that an 11-year-old boy has discovered a mysterious rock that grants the wishes of whoever possesses it.,2019,,,89,minutes,['Movie'],"['United States', 'United Arab Emirates']","['Jimmy Bennett', 'Jake Short', 'Kat Dennings', 'Trevor Gagnon', 'Devon Gearhart', 'Jolie Vanier', 'Rebel Rodriguez', 'Leo Howard', 'Leslie Mann', 'Jon Cryer', 'William H. Macy', 'James Spader']",['Robert Rodriguez']
s6404,TV Show,The Good Detective,,"Son Hyun-joo, Jang Seung-jo, Lee Elijah, Oh Jung-se",South Korea,"November 1, 2020",TV-MA,1 Season,"Crime TV Shows, International TV Shows, TV Dramas","When doubts rise about a five-year-old murder conviction, a veteran detective partners with a young hotshot to hunt down the case's hidden truths.",2020,,,1,seasons,['TV Show'],['South Korea'],"['Son Hyun-joo', 'Jang Seung-jo', 'Lee Elijah', 'Oh Jung-se']",[]
s4995,Movie,Psychokinesis,Sang-ho Yeon,"Ryu Seung-ryong, Shim Eun-kyung, Jung-min Park, Min-jae Kim, Yu-mi Jung",South Korea,"April 25, 2018",TV-MA,102 min,"Action & Adventure, Comedies, International Movies","Suddenly possessed with supernatural powers, a father sets out to help his estranged daughter, who's at risk of losing everything she's lived for.",2018,,,102,minutes,['Movie'],['South Korea'],"['Ryu Seung-ryong', 'Shim Eun-kyung', 'Jung-min Park', 'Min-jae Kim', 'Yu-mi Jung']",['Sang-ho Yeon']
s510,Movie,Andhaghaaram,V Vignarajan,"Vinoth Kishan, Arjun Das, Pooja Ramachandran, Kumar Natarajan, Misha Ghoshal, Arul Vincent, Chenthu Mohan, Pradeep Kalipurayath",,"November 24, 2020",TV-14,171 min,"Horror Movies, International Movies, Thrillers","As a blind librarian, dispirited cricketer and desolate psychiatrist each seek retribution and release, their lives overlap under eerie influences.",2020,,,171,minutes,['Movie'],[],"['Vinoth Kishan', 'Arjun Das', 'Pooja Ramachandran', 'Kumar Natarajan', 'Misha Ghoshal', 'Arul Vincent', 'Chenthu Mohan', 'Pradeep Kalipurayath']",['V Vignarajan']
s4620,Movie,Onaatah,Pradip Kurbah,"Sweety Pala, Merlvin Mukhim, Richard Kharpuri, Enshon Lamare, Mary Nonghuloo, Destina Mawrie, Anvil Laloo, Tashneem Lyngdoh",India,"May 1, 2018",TV-14,107 min,"Dramas, International Movies","Seeking to heal after a traumatic assault, a young woman retreats to a small village by the hills, where she finds hope, love and new purpose.",2018,,,107,minutes,['Movie'],['India'],"['Sweety Pala', 'Merlvin Mukhim', 'Richard Kharpuri', 'Enshon Lamare', 'Mary Nonghuloo', 'Destina Mawrie', 'Anvil Laloo', 'Tashneem Lyngdoh']",['Pradip Kurbah']
s6105,TV Show,The Bachelor,,,,"December 1, 2019",TV-14,1 Season,"Reality TV, Romantic TV Shows",A single man searches for his soulmate through a series of dates with 25 contestants ready to romance him for a chance at love.,2019,,,1,seasons,['TV Show'],[],[],[]
s7175,TV Show,Trailer Park Boys: Out of the Park: Europe,,"Mike Smith, John Paul Tremblay, Robb Wells",Canada,"October 28, 2016",TV-MA,1 Season,"International TV Shows, TV Comedies","The Trailer Park Boys are thrilled to get a free trip to Europe, until they arrive and learn about their corporate sponsor's unusual requirements.",2016,,,1,seasons,['TV Show'],['Canada'],"['Mike Smith', 'John Paul Tremblay', 'Robb Wells']",[]
s7031,Movie,The Zoya Factor,Abhishek Sharma,"Sonam Kapoor, Dulquer Salmaan, Sanjay Kapoor, Sikander Kher, Angad Bedi, Koel Purie, Pooja Bhamrah, Manu Rishi Chadha",India,"November 30, 2019",TV-14,135 min,"Comedies, Dramas, International Movies","A goofy copywriter unwittingly convinces the Indian cricket team that she’s their lucky mascot, to the dismay of their superstition-shunning captain.",2019,,,135,minutes,['Movie'],['India'],"['Sonam Kapoor', 'Dulquer Salmaan', 'Sanjay Kapoor', 'Sikander Kher', 'Angad Bedi', 'Koel Purie', 'Pooja Bhamrah', 'Manu Rishi Chadha']",['Abhishek Sharma']
s1177,Movie,Calico Critters: Everyone's Big Dream Flying in the Sky,Momoko Kamiya,Erika Harlacher,,"March 1, 2020",TV-Y,11 min,Children & Family Movies,"In the Hazelnut Chipmunk Family, Dominic is a little boy who loves to play, but a big moment will make him more grown-up on one memorable day.",2020,,,11,minutes,['Movie'],[],['Erika Harlacher'],['Momoko Kamiya']
s3185,TV Show,Jinn,,"Salma Malhas, Sultan Alkhail, Hamzeh Okab, Aysha Shahaltough, Zaid Zoubi, Ban Halaweh, Yasser Al Hadi",Jordan,"June 13, 2019",TV-MA,1 Season,"International TV Shows, TV Dramas, TV Mysteries","On a field trip to Petra, two jinns – one good, the other evil – enter the human realm, turning high school into a supernatural battleground.",2019,,,1,seasons,['TV Show'],['Jordan'],"['Salma Malhas', 'Sultan Alkhail', 'Hamzeh Okab', 'Aysha Shahaltough', 'Zaid Zoubi', 'Ban Halaweh', 'Yasser Al Hadi']",[]
s2095,Movie,Fakta Ladh Mhana,Sanjay Jadhav,"Sachin Khedekar, Bharat Jadhav, Aniket Vishwasrao, Siddarth Jadhav, Sanjay Narvekar, Vaibhav Mangale, Santosh Juvekar, Sanjay Khapre, Mahesh Manjrekar",India,"February 15, 2018",TV-14,150 min,"Action & Adventure, Dramas, International Movies","A young man enlists the help of his friends to avenge his uncle's death by taking on a powerful, unscrupulous politician.",2018,,,150,minutes,['Movie'],['India'],"['Sachin Khedekar', 'Bharat Jadhav', 'Aniket Vishwasrao', 'Siddarth Jadhav', 'Sanjay Narvekar', 'Vaibhav Mangale', 'Santosh Juvekar', 'Sanjay Khapre', 'Mahesh Manjrekar']",['Sanjay Jadhav']
s3843,Movie,Madaari,Nishikant Kamat,"Irrfan Khan, Jimmy Shergill, Vishesh Bansal, Tushar Dalvi, Nitish Pandey",India,"February 17, 2017",TV-14,134 min,"Dramas, Independent Movies, International Movies","A bridge under construction collapses in Mumbai, killing a man's family and launching him on a crusade to bring those responsible to justice.",2017,,,134,minutes,['Movie'],['India'],"['Irrfan Khan', 'Jimmy Shergill', 'Vishesh Bansal', 'Tushar Dalvi', 'Nitish Pandey']",['Nishikant Kamat']
s4234,TV Show,Most Beautiful Thing,,"Maria Casadevall, Pathy Dejesus, Fernanda Vasconcellos, Mel Lisboa, Leandro Lima, Ícaro Silva, Gustavo Vaz, Alexandre Cioletti, Gustavo Machado",Brazil,"June 19, 2020",TV-MA,2 Seasons,"International TV Shows, Romantic TV Shows, TV Dramas","A 1950s housewife goes to Rio de Janeiro to meet up with her husband, only to learn he's deserted her, but decides to stay and open a bossa nova club.",2020,,,2,seasons,['TV Show'],['Brazil'],"['Maria Casadevall', 'Pathy Dejesus', 'Fernanda Vasconcellos', 'Mel Lisboa', 'Leandro Lima', 'Ícaro Silva', 'Gustavo Vaz', 'Alexandre Cioletti', 'Gustavo Machado']",[]
s1678,Movie,Dedemin Fisi,Meltem Bozoflu,"Onur Buldu, Alper Kul, Erdem Yener, Onur Atilla, Özge Borak, Doğa Rutkay, Meltem Yılmazkaya, İrem Sak",Turkey,"March 10, 2017",TV-14,101 min,"Comedies, International Movies","When a brain-dead family patriarch is about to be taken off life support, his extended family gathers round and plots to see who'll get his money.",2017,,,101,minutes,['Movie'],['Turkey'],"['Onur Buldu', 'Alper Kul', 'Erdem Yener', 'Onur Atilla', 'Özge Borak', 'Doğa Rutkay', 'Meltem Yılmazkaya', 'İrem Sak']",['Meltem Bozoflu']
s7240,Movie,Troy: The Odyssey,Tekin Girgin,"Dylan Vox, Lara Heller, Hachem Hicham, David Gray, Kelly B. Jones, Daniel Whyte, Eoin O'Brien, Ego Mikitas",United States,"March 12, 2018",TV-MA,90 min,Action & Adventure,"Starting with the Trojan Horse attack, this modest re-telling of Homer's epic covers well-known highlights of Odysseus's long journey home.",2018,,,90,minutes,['Movie'],['United States'],"['Dylan Vox', 'Lara Heller', 'Hachem Hicham', 'David Gray', 'Kelly B. Jones', 'Daniel Whyte', ""Eoin O'Brien"", 'Ego Mikitas']",['Tekin Girgin']
s4174,TV Show,Monarca,,"Irene Azuela, Juan Manuel Bernal, Osvaldo Benavides, Rosa María Bianchi, Antonio de la Vega, Luis Rábago, Sophie Gómez, James Hyde, Carla Adell, Regina Pavón, Dalí González, Alejandro de Hoyos Parera, José Manuel Rincón, Daniela Schmidt, Gabriela de la Garza",Mexico,"January 1, 2021",TV-MA,2 Seasons,"International TV Shows, Spanish-Language TV Shows, TV Dramas","After 20 years, Ana María returns to Mexico and vies for control of her family's tequila empire as it threatens to crumble under corruption and secrets.",2021,,,2,seasons,['TV Show'],['Mexico'],"['Irene Azuela', 'Juan Manuel Bernal', 'Osvaldo Benavides', 'Rosa María Bianchi', 'Antonio de la Vega', 'Luis Rábago', 'Sophie Gómez', 'James Hyde', 'Carla Adell', 'Regina Pavón', 'Dalí González', 'Alejandro de Hoyos Parera', 'José Manuel Rincón', 'Daniela Schmidt', 'Gabriela de la Garza']",[]
s738,Movie,Barbie in A Mermaid Tale,Adam Wood,"Kelly Sheridan, Kathleen Barr, Tabitha St. Germain, Peter Mel, Nakia Burrise, Maryke Hendrikse, Emma Pierson, Ciara Janson, Garry Chalk, Nicole Oliver",United States,"October 1, 2017",TV-Y,74 min,Children & Family Movies,"Surf champ Merliah discovers she's actually a mermaid in a girl's body. With the help of a dolphin, Merliah must rescue her mom, the Queen of Oceana.",2017,,,74,minutes,['Movie'],['United States'],"['Kelly Sheridan', 'Kathleen Barr', 'Tabitha St. Germain', 'Peter Mel', 'Nakia Burrise', 'Maryke Hendrikse', 'Emma Pierson', 'Ciara Janson', 'Garry Chalk', 'Nicole Oliver']",['Adam Wood']
s5814,Movie,Stereo,Maximilian Erlenwein,"Jürgen Vogel, Moritz Bleibtreu, Petra Schmidt-Schaller, Georg Friedrich, Rainer Bock, Mark Zak, Helena Schönfelder, Fabian Hinrichs",Germany,"January 15, 2017",TV-MA,91 min,"International Movies, Thrillers","Erik's peaceful rural family life is shaken by the arrival of sinister figures who claim to know him and a mysterious ""friend"" who may not even exist.",2017,,,91,minutes,['Movie'],['Germany'],"['Jürgen Vogel', 'Moritz Bleibtreu', 'Petra Schmidt-Schaller', 'Georg Friedrich', 'Rainer Bock', 'Mark Zak', 'Helena Schönfelder', 'Fabian Hinrichs']",['Maximilian Erlenwein']
s5130,TV Show,Record of Grancrest War,,"Kentaro Kumagai, Akari Kito, Yuichi Nakamura, Reina Ueda, Satoshi Hino, Yoshitsugu Matsuoka, Natsumi Takamori, Ai Kayano, Takahiro Sakurai, Wataru Hatano, Yuichi Iguchi, Minori Suzuki, Megumi Nakajima, Yuhko Kaida, Chika Anzai, Yumi Uchiyama, Kaede Hondo, Satoshi Mikami, Ayane Sakura, Ari Ozawa, Tatsuhisa Suzuki, Hiro Shimono",Japan,"July 1, 2019",TV-MA,1 Season,Anime Series,"Lone mage Siluca wanders the land of Atlatan, disgusted by its greedy nobility. When she meets knight errant Theo, she sees a chance to create peace.",2019,,,1,seasons,['TV Show'],['Japan'],"['Kentaro Kumagai', 'Akari Kito', 'Yuichi Nakamura', 'Reina Ueda', 'Satoshi Hino', 'Yoshitsugu Matsuoka', 'Natsumi Takamori', 'Ai Kayano', 'Takahiro Sakurai', 'Wataru Hatano', 'Yuichi Iguchi', 'Minori Suzuki', 'Megumi Nakajima', 'Yuhko Kaida', 'Chika Anzai', 'Yumi Uchiyama', 'Kaede Hondo', 'Satoshi Mikami', 'Ayane Sakura', 'Ari Ozawa', 'Tatsuhisa Suzuki', 'Hiro Shimono']",[]
s1243,Movie,Catch Me If You Can,Steven Spielberg,"Leonardo DiCaprio, Tom Hanks, Christopher Walken, Martin Sheen, Nathalie Baye, Amy Adams, James Brolin, Brian Howe, Frank John Hughes, Steve Eastin","United States, Canada","January 1, 2021",PG-13,141 min,Dramas,"An FBI agent makes it his mission to put cunning con man Frank Abagnale Jr. behind bars. But Frank not only eludes capture, he revels in the pursuit.",2021,,,141,minutes,['Movie'],"['United States', 'Canada']","['Leonardo DiCaprio', 'Tom Hanks', 'Christopher Walken', 'Martin Sheen', 'Nathalie Baye', 'Amy Adams', 'James Brolin', 'Brian Howe', 'Frank John Hughes', 'Steve Eastin']",['Steven Spielberg']
s34,Movie,#realityhigh,Fernando Lebrija,"Nesta Cooper, Kate Walsh, John Michael Higgins, Keith Powers, Alicia Sanz, Jake Borelli, Kid Ink, Yousef Erakat, Rebekah Graf, Anne Winters, Peter Gilroy, Patrick Davis",United States,"September 8, 2017",TV-14,99 min,Comedies,"When nerdy high schooler Dani finally attracts the interest of her longtime crush, she lands in the cross hairs of his ex, a social media celebrity.",2017,,,99,minutes,['Movie'],['United States'],"['Nesta Cooper', 'Kate Walsh', 'John Michael Higgins', 'Keith Powers', 'Alicia Sanz', 'Jake Borelli', 'Kid Ink', 'Yousef Erakat', 'Rebekah Graf', 'Anne Winters', 'Peter Gilroy', 'Patrick Davis']",['Fernando Lebrija']
s1913,Movie,Easy A,Will Gluck,"Emma Stone, Penn Badgley, Amanda Bynes, Dan Byrd, Thomas Haden Church, Patricia Clarkson, Cam Gigandet, Lisa Kudrow, Malcolm McDowell, Aly Michalka",United States,"November 1, 2020",PG-13,92 min,"Comedies, Romantic Movies","When a lie about Olive's reputation transforms her from anonymous to infamous at her high school, she decides to embrace a provocative new persona.",2020,,,92,minutes,['Movie'],['United States'],"['Emma Stone', 'Penn Badgley', 'Amanda Bynes', 'Dan Byrd', 'Thomas Haden Church', 'Patricia Clarkson', 'Cam Gigandet', 'Lisa Kudrow', 'Malcolm McDowell', 'Aly Michalka']",['Will Gluck']
s4004,Movie,Maza Pati Karodpati,Sachin,"Sachin, Supriya Pilgaonkar, Ashok Saraf, Kishori Shahane, Suhas Bhalekar, Manchindra Kamble, Jairam Kulkarni, Nilu Phule, Shubha Khote",India,"January 1, 2018",TV-PG,132 min,"Comedies, International Movies, Romantic Movies",An orphan girl who has ambitions of marrying a rich man changes her identity to win the heart of a prominent businessman's son.,2018,,,132,minutes,['Movie'],['India'],"['Sachin', 'Supriya Pilgaonkar', 'Ashok Saraf', 'Kishori Shahane', 'Suhas Bhalekar', 'Manchindra Kamble', 'Jairam Kulkarni', 'Nilu Phule', 'Shubha Khote']",['Sachin']
s2376,TV Show,Gentefied,,"J.J. Soria, Carlos Santos, Karrie Martin, Joaquín Cosío, Julissa Calderon, Annie Gonzalez, Laura Patalano, Felipe Esparza",United States,"February 21, 2020",TV-MA,1 Season,"TV Comedies, TV Dramas",The Morales cousins scramble to save their grandfather's taco shop — and pursue their own dreams — as gentrification shakes up their LA neighborhood.,2020,,,1,seasons,['TV Show'],['United States'],"['J.J. Soria', 'Carlos Santos', 'Karrie Martin', 'Joaquín Cosío', 'Julissa Calderon', 'Annie Gonzalez', 'Laura Patalano', 'Felipe Esparza']",[]
s3354,Movie,Khalnayak,Subhash Ghai,"Sanjay Dutt, Madhuri Dixit, Jackie Shroff, Anupam Kher, Rakhee Gulzar, Pramod Moutho, Ramya Krishnan, Sushmita Mukherjee, Neena Gupta, A.K. Hangal",India,"March 1, 2018",TV-14,170 min,"Action & Adventure, Dramas, International Movies",A prison guard goes undercover as a dancer to try and recapture an escaped criminal and restore her police inspector boyfriend's reputation.,2018,,,170,minutes,['Movie'],['India'],"['Sanjay Dutt', 'Madhuri Dixit', 'Jackie Shroff', 'Anupam Kher', 'Rakhee Gulzar', 'Pramod Moutho', 'Ramya Krishnan', 'Sushmita Mukherjee', 'Neena Gupta', 'A.K. Hangal']",['Subhash Ghai']
s4111,Movie,Mine,"Fabio Guaglione, Fabio Resinaro","Clint Dyer, Annabelle Wallis, Tom Cullen, Armie Hammer, Geoff Bell, Inés Píñar Mille, Juliet Aubrey, Luka Peros","United States, Spain, Italy","February 28, 2019",TV-14,106 min,"Dramas, International Movies, Thrillers","When a Marine's mission goes awry, he must survive behind enemy lines – without stepping off a mine – among the harsh elements of a desert war zone.",2019,,,106,minutes,['Movie'],"['United States', 'Spain', 'Italy']","['Clint Dyer', 'Annabelle Wallis', 'Tom Cullen', 'Armie Hammer', 'Geoff Bell', 'Inés Píñar Mille', 'Juliet Aubrey', 'Luka Peros']","['Fabio Guaglione', 'Fabio Resinaro']"
s5767,Movie,Spookley and the Christmas Kittens,Bernie Denk,"Vlasta Vrana, Sonja Ball, Craig Francis, Richard C. Jones, Michael Perron, Terrence Scammell, Bruce Dinsmore, Jennifer Seguin, Daniel Brochu",United States,"November 30, 2020",TV-Y,45 min,Children & Family Movies,"When a green cat and three stray kittens wind up at Holiday Hill Farm, Spookley the Square Pumpkin and his friends help the felines find their way home.",2020,,,45,minutes,['Movie'],['United States'],"['Vlasta Vrana', 'Sonja Ball', 'Craig Francis', 'Richard C. Jones', 'Michael Perron', 'Terrence Scammell', 'Bruce Dinsmore', 'Jennifer Seguin', 'Daniel Brochu']",['Bernie Denk']
s1889,Movie,Duck Duck Goose,Chris Jenkins,"Jim Gaffigan, Zendaya, Lance Lim, Greg Proops, Reggie Watts, Carl Reiner, Jennifer Grey, Stephen Fry, Diedrich Bader, Natasha Leggero, Craig Ferguson, Rick Overton","China, United States, United Kingdom","July 20, 2018",PG,92 min,"Children & Family Movies, Comedies","As his flock's annual migration nears, a carefree goose is grounded with an injury and takes a pair of lost ducklings under his wing.",2018,,,92,minutes,['Movie'],"['China', 'United States', 'United Kingdom']","['Jim Gaffigan', 'Zendaya', 'Lance Lim', 'Greg Proops', 'Reggie Watts', 'Carl Reiner', 'Jennifer Grey', 'Stephen Fry', 'Diedrich Bader', 'Natasha Leggero', 'Craig Ferguson', 'Rick Overton']",['Chris Jenkins']
s4332,Movie,My Little Pony Equestria Girls: Friendship Games,"Ishi Rudell, Jayson Thiessen","Tara Strong, Rebecca Shoichet, Ashleigh Ball, Andrea Libman, Tabitha St. Germain, Cathy Weseluck, Iris Quinn, Nicole Oliver","United States, Canada","December 1, 2015",TV-Y,72 min,"Children & Family Movies, Comedies","Rainbow Dash, Applejack and friends compete against Crystal Prep Academy and their lead athlete, this world's Twilight Sparkle, in sporting events.",2015,,,72,minutes,['Movie'],"['United States', 'Canada']","['Tara Strong', 'Rebecca Shoichet', 'Ashleigh Ball', 'Andrea Libman', 'Tabitha St. Germain', 'Cathy Weseluck', 'Iris Quinn', 'Nicole Oliver']","['Ishi Rudell', 'Jayson Thiessen']"
s6055,Movie,The 3rd Eye 2,Rocky Soraya,"Jessica Mila, Bianca Hello, Nabilah Ayu, Sophia Latjuba, Jeremy Thomas",Indonesia,"June 13, 2019",TV-MA,117 min,"Horror Movies, International Movies","Working in an orphanage, Alia meets teen Nadia, who says she hears a strange voice in the walls. When they try to find the source, things go very wrong.",2019,,,117,minutes,['Movie'],['Indonesia'],"['Jessica Mila', 'Bianca Hello', 'Nabilah Ayu', 'Sophia Latjuba', 'Jeremy Thomas']",['Rocky Soraya']
s350,TV Show,Ainori Love Wagon: Asian Journey,,"Becky, Audrey, Mayuko Kawakita, Shimon Okura",Japan,"March 28, 2019",TV-MA,2 Seasons,"International TV Shows, Reality TV, Romantic TV Shows","Seven men and women board a pink bus in search of true love. On a journey through Asia with strangers, their goal is to return to Japan as a couple.",2019,,,2,seasons,['TV Show'],['Japan'],"['Becky', 'Audrey', 'Mayuko Kawakita', 'Shimon Okura']",[]
s1376,Movie,Chronicle of an Escape,Israel Adrián Caetano,"Rodrigo de la Serna, Pablo Echarri, Nazareno Casero, Lautaro Delgado, Matías Marmorato, Martín Urruty, César Albarracín, Guillermo Fernandez, Daniel Di Biase",Argentina,"June 15, 2018",R,104 min,"Dramas, International Movies, Thrillers","Soccer goalie Claudio Tamburrini is kidnapped by the Argentine military. Several months later, he joins other prisoners in planning a daring escape.",2018,,,104,minutes,['Movie'],['Argentina'],"['Rodrigo de la Serna', 'Pablo Echarri', 'Nazareno Casero', 'Lautaro Delgado', 'Matías Marmorato', 'Martín Urruty', 'César Albarracín', 'Guillermo Fernandez', 'Daniel Di Biase']",['Israel Adrián Caetano']
s4977,Movie,Print the Legend,"Luis Lopez, Clay Tweel",,United States,"September 26, 2014",TV-14,100 min,Documentaries,"This award-winning, original documentary chronicles the race for market leadership in 3D printing, the next wave of technological evolution.",2014,,,100,minutes,['Movie'],['United States'],[],"['Luis Lopez', 'Clay Tweel']"
s7434,Movie,Virunga,Orlando von Einsiedel,,"United Kingdom,","November 7, 2014",TV-MA,100 min,"Documentaries, International Movies",The Oscar-nominated true story of the rangers risking their lives to save Africa's most precious national park and its endangered gorillas.,2014,,,100,minutes,['Movie'],['United Kingdom'],[],['Orlando von Einsiedel']
